"","X3D","X6PGD","AAA_21","AA_kinase","AA_permease","ABG_transport","ACR_tran","AI.2E_transport","ATPase_gene1","AbiU","Acc5b_avian_CoV","Acetyltransf_4","Acetyltransf_8","Acyl.ACP_TE","Aldedh","Aldo_ket_red","Aldolase","Aldose_epim","Alkyl_sulf_dimr","Amidohydro_3","Aminotran_1_2","Aminotran_3","Arabinose_Isome","ArsR","Asp_aminotransf","Autoind_synth","Autotransporter","BNR_4","BPD_transp_1","BioY","Bmp","Bro.N","BrxHI_00004","BrxP_00001","CARF3..CARF_MK_CARF_00012921","CARF3..CARF_MK_CARF_00100186","CARF3..CARF_MK_CARF_01001287","CARF3..CARF_MK_CARF_01001354","CARF3..CARF_TM_CARF3..CARF_TM","CARF_m8..CARF_LolE_TM_CARF_m8..CARF_LolE_TM","COG0640","COG1353","COG2378","Cas1fv_WP_091991229.1","CheB_methylest","CheR","CheW","ChuX_HutX","ClpS","Condensation","Csn2_WP_154580455.1","Cupin_2","DHOR","DJ.1_PfpI","DSBA","DUF1240","DUF1270","DUF1327","DUF1493","DUF1494","DUF1836","DUF1861","DUF1871","DUF202","DUF2092","DUF2231","DUF2271","DUF229","DUF2774","DUF2855","DUF2867","DUF3144","DUF3192","DUF3419","DUF3450","DUF3466","DUF4123","DUF4198","DUF4405","DUF4442","DUF4762","DUF481","DUF4812","DUF4916","DUF5107","DUF535","DUF5402","DUF5657","DUF6160","DUF6162","DUF6344","DUF6750","DUF746","DcaP","DcrB","DmsC","DnaJ_C","DndA_00001","DpdE_00001","DpdF_00011","DprA","DrmMII_00009","DruC1_00001","DruG2_00002","DsbB","Dus","E2_00019","EAL","Effector_00040","EptA_B_N","ExbD","FAA_hydrolase","FAD_binding_6","FAD_binding_9","FA_desaturase","FGGY_N","FMN_red","FYDLN_acid","Fae","Fe.S_biosyn","FecCD","Fer2","Fer2_BFD","Fip1","Flg_bbr_C","FlhC","FlhD","Folate_carrier","GATase_2","GIDA","GSDH","GST_C_4","GajA_00011","GajA_00034","GajB_00042","Gin","Glu_cys_ligase","Glyco_hydro_18","Glyco_hydro_88","HAD_2","HEM4","HHH_9","HSP70","HTH_18","HTH_52","HTS","HigB.like_toxin","HisG","His_biosynth","Histidinol_dh","HlyD_2","IGPD","IetA_00002","Iron_traffic","Isochorismatase","JetC1_00013","JetC2_00003","Lactamase_B","LapA_dom","Leu_Phe_trans","Lip_A_acyltrans","Lipoprotein_8","LmuB2_00002","Lyase_1","LysR_substrate","Lys_export","MCPsignal","MIP","MS_channel","MTase_III_00005","MafB","MbtH","Mntp","Molybdopterin","MotA_N","Mpo1.like","MqsR_toxin","MtrB_PioB","Mur_ligase_M","NAD_kinase_C","NFACT.C","NatA_aux_su","Ndr","NifU_N","NmrA","OEP","OMP_b.brl_3","OTCace","OprD","Orn_DAP_Arg_deC","PAAR_motif","PGM_PMM_I","PIN_2","PPK2","PRA.CH","PTS_IIA","Pan_kinase","ParA","Pas_Saposin","PbeC_00032","Pec_lyase","PepSY_TM","Peptidase_A24","Peptidase_M20","Peptidase_M44","Peripla_BP_1","PfkB","PglX_00001","Phage_GPD","Phage_T4_gp19","Phage_integrase","Phageshock_PspG","Phenol_MetA_deg","PhoQ_Sensor","PhzC.PhzF","PilX_N","Pirin","Polyketide_cyc2","Porin_OmpG","Porphobil_deam","Prismane","PseudoU_synth_2","Pyc_2TM","Pyr_redox_2","Pyrid_oxidase_2","RBD.FIP","RDD","RES","REase_III_00002","REase_II_00040","RR_TM4.6","Rad50_zn_hook","RecX","RelA_SpoT","RepB.RCR_reg","Ribosomal_S15","RmlD_sub_bind","RtcR..CARF_AAA_HTH_MK_CARF_00010755","RtcR_PspF1..CARF_AAA_HTH_RtcR_PspF1..CARF_AAA_HTH","SAVED7..SAVED_TM_SAVED7..SAVED_TM","SBP_bac_1","SBP_bac_3","SBP_bac_5","SDF","SDH_sah","SHMT","SLC35F","SSB","SSF","SUFBD","SduA_00029","Semialdhyde_dhC","Sigma70_ECF","SmpB","SoPB_HTH","Specificity_I_00061","SpoU_methylase","SspA_00001","SspH_00004","Sugar_tr","Sulfate_transp","T2SSG","T2SSI","T2SSL","T2SSM","T6SS_HCP","TMP.TENI","TPP_enzyme_N","TRIP13_00002","TcfC","TetR_C_3","Thioesterase","Thioredoxin","Thioredoxin_5","TonB_C","Topoisom_I_N","Toxin_31","Transgly","Trehalase","Trypsin","UDPGP","UPF0047","UPF0102","UPF0176_N","UPF0257","Ub.RnfH","Virulence_RhuM","Xre_MbcA_ParS_C","Y1_Tnp","YgjP.like","YibE_F","Yip1","YitT_membrane","YjdM","YmdB","ZnuA","ZorA1_00006","ZorA1_00007","ZorA2_00001","ZorB3_00001","beta2","cas1_YPEST","cas3_yersinia","cas_Csd2","cas_Csy1","cas_Csy2","cas_Csy3","cas_Csy4","cas_HTH","cd09674","cd09735","cd09736","cd09739","cluster10","dCTPase","divDNAB","drt.cluster103","drt.cluster114","drt.cluster433","drt.cluster972","drt.cluster999","eIF.1a","icity0088","icity0107","p450","pfam09611","pfam09614","pfam09615","pfam09618","retron_type_I_B1_atpase_toprim_cluster22_2","retron_type_V_csd_cluster85_1","shah_acc_0033","shah_acc_0186","subtilase","tRNA.synt_1b","tRNA.synt_1g","tRNA.synt_2b"
"1",0.413875598,0,0.028708134,0,0.014354067,0,0.007177033,0,0,0,0,0,0,0.009569378,0,0,0,0,0,0,0,0,0,0,0,0,0,0,0.009569378,0.5215311,0,0,0,0,0.009569378,0,0,0,0,0,0,0,0,1.088516746,0,0,0,0,0,0,0,0,0,0.004784689,0,0,0,0,0,0,0,0,0,0,0,0,0,0.019138756,0,0,0,0,0,0.535885167,0,0,0,0,0,0,0,0,0,0,0,0,0,0,0,0,0,0,0,0,0,0,0,0,0,0.59569378,0.610047847,0,0,0,0,0,0,0,0,0,0.009569378,0,0,0,0,0,0.011961722,0,0,0,0.007177033,0,0,0,0,0,0,0,0.490430622,0,0,0,0,0,0,0,0,0,0,0,0,0,0,0,0,0,0,0,0,0,0.007177033,0,0.543062201,0,0,0,0,0,0,0,0,0,0,0,0,0,0,0,0,0,0,0,0,0,0,0,0,0.004784689,0.004784689,0,0,0,0,0,0,0,0.004784689,0,0,0,0,0,0,0.004784689,0,0,0.516746411,0,0,0,0,0,0,0,0,0,0.004784689,0,0,0,0,0,0,0,0,0,0,0,0,0,0,0.011961722,0,0,0,0,0,0,0,0,0,0,0,0.578947368,0,0,0.007177033,0.619617225,0.002392344,0,0,0.004784689,0,0,0.507177033,0,0.007177033,0,0,0,0.514354067,0,0,0,0,0,0.004784689,0,0,0,0,0,0,0,0,0,0,0,0,0,0,0,0.007177033,0,0.009569378,0,0,0,0,0,0.373205742,0,0.605263158,0,0,0,0.320574163,0,0.033492823,0,0.009569378,0.507177033,0,0,0,0.002392344,0,0.004784689,0.009569378,0,0,0,0.966507177,0,0,0,0,0,0.528708134,0,0,0,0,0,0,0,0,0,0,0,0.078947368,0,0,0.150717703,0,1.004784689,1.002392344,0.992822967,0.95215311,0,0,0,0.562200957,0,0.5,0,0
"5",0,0,0.495524297,0,0,0,0,0,0,0,0.65601023,0,0.423273657,0,0,0,0,0,0,0,0,0.505754476,0,0,0,0,0,0,0,0,0,0.913043478,0,0,0.001278772,0.494245524,0,0,0,0,0,0,0.016624041,0,0,0,0,0,0,1.064578005,0,0,0,0,0,0,0,0,0,0,0,0,0,0,0,0.50511509,0,0,0.002557545,0,0,0,0,0,0,0,0,0,0,0,0,0,0,0,0,0,0,0,0,0.492327366,0,0,0.002557545,0,0,0,0,0,0,0,0,0,0,0,0,0,0,0,0,0,0,0,0,0.001918159,0,0.036445013,0,0,0,0,0.489769821,0,0.482736573,0,0,0,0,0,0,0,0.50511509,0,0,0,0.007033248,0,0,0,0,0,0,0.600383632,0,0,0,0,0,0,0,0,0.096547315,0,0.001278772,0,0.677749361,0,0,0,0,0,0,0,0,0,0.010230179,0,0,0.017902813,0,0,0,0.501918159,0,0,0,0,0,0,0,0,0,0,0.336317136,0,0,0,0.000639386,0,0.530051151,0,0,0,0,0.787723785,0,0,0,0,0,0,0,0.47314578,0,0,0,0,0,0,0,0,0.001918159,0,0.518542199,0,0.019181586,0,0.480818414,0,0,0,0,0.000639386,0,0,0,0.578644501,0,0,0,0,0,0.401534527,0,0,0,0,0,0,0.01342711,0,0,0,0,0,0.000639386,0.001278772,0,0,0,0,0,0,0.831841432,0,0,0,0,0,0,0.000639386,0,0,0,0,0,0,0,0,0,0,0,1.008951407,0,0,0,0,0,0,0.460997442,0,0,0,0,0,0,0,0,0,0,0,0,0,0,0,0,0.996163683,0,0,0,0,0,0.988491049,1.004475703,0,0,0.001278772,0,0,0,0,0.999360614,0.002557545,0.99168798,0,0,0,0,0,0,0,0,0,0,0,0,0,0.998081841,0.998721228,0.000639386,0,0,0.009590793,0.001278772,0,0,0,0
"7",0.01744186,0,0.215116279,0,0,0,0,0,0,0,0,0,0,0,0.069767442,0,0,0,0,0.01744186,0.01744186,0,0,0.034883721,0.034883721,0,0,0,0.186046512,0.011627907,0,0,0.011627907,0.063953488,0,0,0.011627907,0,0,0.01744186,0,0,0.01744186,0,0,0,0,0,0,0.023255814,0,0,0,0.01744186,0,0,0,0,0,0,0,0,0,0,0,0,0,0,0.034883721,0.215116279,0,0,0,0,0,0,0.029069767,0.011627907,0,0,0,0,0,0,0,0,0,0,0,0,0,0,0,0,0,0,0,0,0,0,0,0,0.01744186,0,0,0,0,0.162790698,0,0,0,0,0.075581395,0,0,0,0,0,0,0,0,0.01744186,0,0,0,0,0,0.029069767,0,0,0,0.052325581,0,0,0,0,0,0,0,0,0,0,0,0,0,0,0.401162791,0,0,0,0,0,0.226744186,0,0.005813953,0,0,0,0,0,0.034883721,0,0,0.011627907,0.360465116,0,0,0,0,0,0,0.011627907,0,0.011627907,0,0.011627907,0,0,0,0,0,0,0.040697674,0,0.011627907,0,0.011627907,0,0,0.075581395,0.040697674,0,0,0.029069767,0,0,0,0,0,0,0,0,0,0.215116279,0,0.011627907,0.011627907,0,0.005813953,0,0.052325581,0,0,0,0,0,0.005813953,0,0,0,0,0.01744186,0,0,0,0,0,0,0,0,0,0,0,0,0,0,0,0,0,0,0,0.01744186,0.13372093,0,0,0,0.162790698,0,0,0,0.011627907,0,0,0,0.372093023,0,0.029069767,0,0,0.040697674,0,0,0,0,0,0,0,0.040697674,0,0,0,0,0,0,0,0,0,0,0,0.01744186,0,0,0,0,0,0,0,0,0,0,0,0,0,0,0,0,0,0,0,0,0,0.831395349,1,0,0,0,0,0,0,0,0.01744186,0,0.947674419,0,0,0,0,0,0,0.203488372,0,0,0,0,0,0.994186047,0.988372093,1,0.040697674,0.029069767,0,0.011627907,0.023255814,0,0.011627907,0,0
"8",0,0,0.155555556,0,0,0,0,0,0,0,0,0,0,0,0.066666667,0,0,0,0,0,0.088888889,0,0,0,0,0,0,0,0.155555556,0.133333333,0,0,0,0.044444444,0.022222222,0.044444444,0.111111111,0,0,0,0.044444444,0,0.088888889,0.866666667,0,0,0,0,0,0,0,0,0,0,0.022222222,0,0,0,0,0.088888889,0,0,0,0,0,0,0,0.022222222,0,0,0,0,0,0,0,0,0,0,0,0,0,0,0,0.088888889,0,0,0.022222222,0,0,0,0,0,0,0,0,0,0,0.088888889,0,0,0,0,0,0,0,0,0,0,0,0,0,0,0,0,0,0.088888889,0,0,0,0,0.022222222,0,0,0,0,0,0,0.022222222,0,0.088888889,0,0,0,0,0,0,0,0.155555556,0,0,0,0,0.088888889,0,0,0.022222222,0,0,0,0,0,0,0.088888889,0,0,0,0,0,0,0,0,0,0,0,0.133333333,0,0,0,0,0,0,0,0,0,0,0,0,0,0,0,0,0,0.044444444,0.177777778,0,0,0,0,0,0.177777778,0,0,0,0,0,0,0,0,0,0,0,0,0.044444444,0,0,0,0,0,0,0,0,0,0,0,0,0.044444444,0,0,0,0,0,0,0,0,0,0,0.022222222,0,0,0,0.066666667,0,0,0,0,0.066666667,0,0,0,0,0,0,0,0,0,0,0.2,0,0,0.4,0,0,0,0,0,0,0.088888889,0.355555556,0,0.022222222,0,0,0,0,0.044444444,0,0,0,0.244444444,0,0,0,0,0,0,0,0,0,0,0,0,0,0,0,0,0,0,0,0,0,0.044444444,0,0.022222222,0,0,0,0,0,0,0,0,0,0.933333333,0,0,0,0,0,0,0,0,0,0,0.066666667,0.066666667,0,0,0,0,0,0,0,0,0.066666667,0,0.955555556,0.977777778,0.955555556,0.955555556,0,0,0.044444444,0.066666667,0,0,0,0.311111111
"9",0,0,0.192982456,0,0,0,0,0,0,0,0,0,0,0,0,0,0,0,0,0,0.035087719,0,0,0,0,0,0.315789474,0,0.087719298,0,0,0,0,0.035087719,0,0,0,0,0,0,0,0,0.01754386,0.701754386,0,0,0,0,0,0.035087719,0,0,0,0,0,0,0,0,0,0,0,0,0,0,0,0,0,0,0.01754386,0,0,0,0,0,0,0,0,0,0,0.245614035,0,0,0,0,0,0,0,0,0,0,0,0,0.263157895,0,0,0,0,0,0,0.035087719,0,0,0.070175439,0,0,0.01754386,0,0.052631579,0,0,0.035087719,0.070175439,0,0,0,0,0,0,0,0,0.052631579,0,0,0.01754386,0,0,0,0,0,0,0,0,0.035087719,0,0,0,0,0,0,0,0,0,0,0,0,0.333333333,0,0,0,0,0,0,0.035087719,0,0,0,0.01754386,0,0,0,0,0,0,0.01754386,0,0,0,0,0,0,0,0,0,0,0,0,0,0,0.035087719,0.035087719,0,0,0,0,0,0,0.070175439,0,0,0,0,0,0,0,0,0,0.01754386,0.263157895,0,0,0,0,0.01754386,0,0,0,0.01754386,0,0,0,0.070175439,0,0,0,0,0,0,0,0,0,0,0,0,0,0,0,0,0,0,0,0,0,0,0,0.035087719,0.01754386,0.035087719,0,0,0,0,0.035087719,0.035087719,0,0,0,0,0,0,0,0.122807018,0,0,0,0,0,0,0,0,0,0,0.01754386,0,0,0,0,0,0,0.035087719,0,0,0,0,0,0.035087719,0,0,0,0,0,0,0,0.035087719,0,0.01754386,0,0,0,0,0,0,0,0,0,0,0,0,0,0,0,0,0,0.789473684,0,0,0,0,0,0.01754386,0,0,0,0.01754386,0,0,0,0,0,0,0.01754386,0,0,0,0,0,1.01754386,1.01754386,0.98245614,0.98245614,0.070175439,0,0,0,0,0,0,0
"11",0,0,0.076923077,0,0,0,0,0,0,0,0,0,0,0,0.038461538,0,0.019230769,0,0,0,0,0,0,0.038461538,0,0,0,0,0,0,0,0.019230769,0.019230769,0,0,0,0,0,0,0.019230769,0.096153846,0,0.403846154,0.326923077,0,0.057692308,0.096153846,0,0,0.038461538,0,0,0,0,0,0,0,0,0,0,0,0,0,0,0,0,0,0,0.019230769,0,0,0,0,0,0,0,0,0,0,0,0,0,0,0,0,0,0,0,0,0,0,0,0,0,0,0,0,0.019230769,0,0,0,0,0.038461538,0,0,0,0,0.038461538,0,0,0,0,0,0,0.019230769,0.019230769,0.019230769,0,0,0,0,0,0,0,0.038461538,0,0,0.019230769,0,0,0,0.019230769,0,0,0,0,0,0.019230769,0,0,0,0,0,0,0,0,0,0,0,0,0.038461538,0,0,0,0,0,0,0,0,0,0,0,0,0,0.057692308,0,0,0,0.019230769,0,0,0,0,0,0,0,0,0,0,0,0,0,0,0,0.019230769,0,0.057692308,0,0,0.038461538,0,0.038461538,0.057692308,0,0,0,0,0,0,0,0,0.019230769,0,0,0,0.038461538,0,0,0,0,0.346153846,0,0,0,0,0,0,0,0,0,0,0.019230769,0,0,0,0,0,0,0,0,0,0,0,0,0.019230769,0.019230769,0,0,0,0,0,0.134615385,0,0.038461538,0.019230769,0,0.019230769,0,0,0,0,0,0,0,0,0,0,0,0,0.038461538,0.057692308,0,0,0,0,0,0,0.057692308,0.076923077,0.019230769,0,0,0,0,0,0,0,0.019230769,0,0,0,0,0,0,0.038461538,0,0,0,0,0,0,0,0,0,0,0,0,0.019230769,0,0,0,0.596153846,0.980769231,0,0.038461538,0.788461538,0,0,0,0,0.769230769,0,0.673076923,0,0,0,0,0.115384615,0,0.326923077,0,0,0,0,0,0.173076923,0.211538462,1,0.326923077,0,0,0,0,0,0,0,0
"15",0,0,0.300847458,0.012711864,0.122881356,0,0.008474576,0,0,0,0,0.021186441,0,0.038135593,0.033898305,0,0,0,0,0,0.016949153,0,0,0.152542373,0.012711864,0,0,0,0.033898305,0.021186441,0.012711864,0,0.012711864,0.012711864,0,0,0.021186441,0.016949153,0,0,0,0,0.156779661,0,0,0,0.008474576,0,0,0,0,0,0,0.016949153,0,0.008474576,0,0,0.008474576,0.016949153,0,0,0,0,0,0,0,0,0.012711864,0.050847458,0,0,0,0,0,0,0.008474576,0,0,0,0,0.012711864,0,0,0,0,0,0,0,0,0,0,0.080508475,0,0.012711864,0,0,0,0,0,0,0,0,0.008474576,0,0,0,0.042372881,0,0,0,0,0,0,0,0,0.012711864,0,0,0,0.016949153,0,0,0,0,0,0,0,0.012711864,0,0,0.012711864,0,0,0,0,0,0,0,0.008474576,0,0,0,0,0,0,0.033898305,0,0,0,0,0,0.016949153,0,0,0,0.008474576,0,0,0,0,0,0,0.012711864,0.059322034,0,0,0.016949153,0.021186441,0,0,0,0,0,0,0,0,0,0,0,0,0,0,0,0.012711864,0.029661017,0,0,0,0,0,0,0.008474576,0,0.008474576,0,0,0,0,0,0,0,0,0.012711864,0,0,0,0,0.016949153,0,0.021186441,0,0,0,0,0,0,0,0,0,0,0.012711864,0,0,0,0,0,0,0,0,0,0,0,0,0,0,0.008474576,0,0,0,0.012711864,0.012711864,0,0,0,0,0.025423729,0,0.025423729,0,0.059322034,0,0.012711864,0,0,0,0,0,0,0,0.012711864,0,0,0,0,0.016949153,0,0,0,0,0,0,0.021186441,0,0,0,0,0.110169492,0,0,0,0,0,0,0,0,0,0,0,0,0,0,0,0,0.016949153,0,0,0,0,0,0,0.919491525,0.991525424,0,0.06779661,0.449152542,0,0,0,0,0.694915254,0,0.970338983,0.012711864,0,0,0,0,0,0.038135593,0.016949153,0,0,0,0,0.241525424,0.555084746,1,0.038135593,0.016949153,0,0,0.177966102,0,0,0,0.008474576
"17",0,0,0.029520295,0.007380074,0,0,0.092250923,0,0,0,0,0.162361624,0,0.011070111,0.081180812,0.062730627,0,0,0,0.018450185,0,0.033210332,0,0.029520295,0,0,0,0,0.022140221,0,0,0,0,0.051660517,0.066420664,0,0.011070111,0,0,0.007380074,0.022140221,0,0.025830258,0,0,0,0,0,0,0,0,0,0,0.110701107,0.007380074,0,0,0,0,0,0,0,0,0,0,0,0,0,0,0.147601476,0,0,0.007380074,0,0,0,0,0,0,0,0,0.007380074,0,0,0,0,0,0,0,0,0,0,0.007380074,0,0,0.007380074,0,0,0,0,0,0,0,0,0,0.011070111,0,0.033210332,0,0,0.014760148,0.007380074,0,0,0,0,0,0,0,0,0,0,0,0,0,0,0,0.007380074,0,0,0.011070111,0.025830258,0,0,0,0,0,0,0,0.014760148,0,0,0,0,0,0,0,0,0,0,0.040590406,0,0.033210332,0,0.022140221,0,0,0,0,0,0,0,0,0,0.073800738,0,0,0,0,0,0,0,0.007380074,0.007380074,0,0,0,0.044280443,0.007380074,0,0,0,0.173431734,0,0,0,0.022140221,0,0,0,0,0,0.15498155,0,0,0,0,0,0,0,0,0.018450185,0,0.036900369,0,0,0,0,0,0,0.143911439,0,0.066420664,0,0,0,0.007380074,0,0,0.007380074,0,0.103321033,0,0,0,0,0.022140221,0,0.007380074,0,0,0,0,0,0,0,0,0,0.014760148,0,0,0.011070111,0,0,0,0,0.022140221,0,0.011070111,0,0.044280443,0.007380074,0.007380074,0,0,0,0.029520295,0.114391144,0,0.018450185,0,0,0,0,0,0,0,0,0.007380074,0,0,0,0,0,0.014760148,0,0,0,0,0,0,0,0,0,0.011070111,0,0,0.011070111,0,0,0,0,0,0,0.029520295,0,0,0,0,0,0,0.804428044,0.95202952,0,0.033210332,0.033210332,0.033210332,0,0.114391144,0.033210332,0.007380074,0,0.763837638,0,0,0,0,0,0,0.011070111,0,0,0,0,0,0.959409594,0.966789668,0.966789668,0.199261993,0.007380074,0,0,0.05904059,0,0,0,0
"20",0,0,0.116483516,0.013186813,0,0,0.030769231,0,0,0,0,0.050549451,0,0,0.03956044,0,0,0,0,0.015384615,0.028571429,0.010989011,0,0.030769231,0,0,0,0,0.015384615,0,0,0,0,0.072527473,0,0.015384615,0.046153846,0,0,0.037362637,0,0,0.208791209,0.861538462,0,0,0.010989011,0,0,0.008791209,0,0,0.013186813,0,0,0,0,0,0,0,0,0,0,0,0,0,0,0,0,0.008791209,0,0,0,0,0.01978022,0,0,0,0,0,0,0,0,0,0,0,0,0,0,0,0,0,0,0,0,0,0,0.008791209,0,0,0,0,0.017582418,0,0,0,0,0.050549451,0,0,0.032967033,0,0,0,0,0.008791209,0,0,0,0,0,0.07032967,0.035164835,0,0,0.008791209,0,0,0,0,0.010989011,0.010989011,0,0,0,0,0,0,0,0.008791209,0,0,0,0,0,0.013186813,0,0,0,0,0.03956044,0,0.008791209,0,0.015384615,0,0,0,0,0,0.017582418,0,0,0.008791209,0.046153846,0,0,0,0,0,0,0.008791209,0.010989011,0,0,0,0,0,0,0,0,0,0.037362637,0,0,0.026373626,0.024175824,0,0,0.015384615,0,0.013186813,0.028571429,0,0,0,0,0,0,0,0,0,0,0,0,0,0,0,0,0,0.059340659,0,0,0,0,0,0,0.010989011,0,0,0,0,0,0,0,0,0,0.008791209,0,0,0,0,0.050549451,0,0,0,0.013186813,0,0,0,0,0.013186813,0,0,0,0,0,0.008791209,0,0,0.061538462,0,0.015384615,0,0,0,0.010989011,0.01978022,0,0.052747253,0,0,0,0,0,0,0,0,0,0,0,0,0.013186813,0,0.008791209,0,0,0,0,0,0,0,0,0,0,0.068131868,0,0.017582418,0.048351648,0,0,0,0,0,0,0,0,0,0.013186813,0,0.008791209,0,0.936263736,0,0,0,0,0,0,0.054945055,0.261538462,0,0.250549451,0.054945055,0.015384615,0.008791209,0,0,0,0.008791209,0,0,0,0,0,0.749450549,1,1.004395604,0.692307692,0.054945055,0,0,0.043956044,0,0,0,0.008791209
"21",0,0,0.56,0,0,0,0,0,0,0,0,0.52,0,0,0.76,0,0,0,0,0,0,0,0,0,0,0,0,0,0,0.04,0,0,0,0.16,0,0,0.04,0,0,0,0,0,0,0,0,0,0,0,0,0,0,0,0.76,0,0,0,0,0,0,0,0,0,0,0,0,0,0.68,0.28,0,0,0,0,0,0,0.76,0,0,0.56,0,0,0,0.52,0,0,0,0,0,0,0,0.56,0,0,0.36,0,0,0,0,0,0,0,0,0,0.28,0.44,0,0,0,0,0,0.36,0.96,0,0,0,0,0,0.52,0,0,0,0.56,0,0,0,0,0,0,0,0,0,0,0.68,0,0,0,0,0,0,0,0.4,0,0,0,0,0,0,0,0,0,0,0,0,0,0,0,0,0,0,0,0,0,0,0.36,0,0.52,0,0.36,0,0,0,0,0,0.36,0,0,0,0,0.96,0,0,0,0.48,0.12,0,0,0,0,0,0,0,0,0,0,0,0,0,0,0,0.84,0.36,0,0,0,0,0,0,0,0,0,0,0,0,0,0,0,0,0,0,0,0,0,0,0.68,0,0,0,0.76,0,0,0,0,0,0.92,0,0,0,0.04,0,0,0,0.64,0,0,0,0,0,0,0,0,0,0,0,0.52,0,0,0,0,0,0,0,0,0,0,0,0,0,0,0,0,0,0,0,0,0,0.96,0,0.96,0,0,0.36,0,0,0,0,0,0,0,0,0.32,0,0,0,0,0.76,0,1.12,0,0,0.96,0,0,1,1,0.32,0,0,0,0,0,0,0.96,0,0.88,0,0,0,0,0,0.68,0,0.84,0,0,0.48,0,0.08,1,1.04,0.12,0,0.04,0,0,0,0,0,0
"22",0,0,0.033333333,0,0,0,0,0,0,0,0,0,0,0,0.033333333,0,0,0,0,0,0,0,0,0,0,0,0,0,0.066666667,0,0,0,0,0,0,0,0,0,0,0,0,0,0.033333333,0.9,0,0,0,0,0,0,0,0,0,0,0,0,0,0,0,0.033333333,0,0,0,0,0,0,0,0.033333333,0,0,0,0,0,0,0,0,0,0,0,0,0,0,0,0,0,0,0,0,0,0,0,0,0,0,0,0,0,0,0,0,0,0,0,0,0,0,0,0,0,0,0,0,0,0,0,0,0,0,0,0,0,0,0,0,0,0,0,0,0,0,0,0,0,0,0.033333333,0,0,0,0,0,0,0,0,0,0,0,0,0,0,0,0,0,0.033333333,0,0,0,0,0,0,0,0,0,0,0,0,0,0,0,0,0,0,0,0,0,0,0,0,0,0,0,0,0,0,0,0,0,0,0,0,0,0,0,0.033333333,0,0,0,0,0,0,0,0,0,0,0,0,0,0,0,0,0,0,0,0,0,0,0,0,0,0,0,0,0,0,0,0,0,0,0,0,0,0,0,0,0,0,0,0,0,0,0,0,0,0,0,0,0,0,0,0,0,0,0,0.033333333,0,0,0,0,0,0,0,0,0,0,0,0,0,0,0,0,0,0,0,0,0,0,0,0,0,0,0,0,0,0,0.033333333,0,0,0,0,0,0,0,0,0,0,0,0,0,0,0.033333333,0,0,0,0.933333333,0,0,0,0,0,0,0,0,0,0,0,0,0,0,0,0,0,0,0,0,0,0,1,1,1,1,0.1,0,0,0,0,0,0,0
"24",0,0.008213552,0.168377823,0.026694045,0,0,0.014373717,0,0,0,0,0.055441478,0,0.012320329,0.020533881,0,0,0,0,0,0.026694045,0.04312115,0,0.012320329,0.024640657,0,0,0,0.112936345,0,0,0,0.014373717,0.024640657,0.008213552,0,0.01026694,0.006160164,0,0.039014374,0,0.008213552,0.055441478,0,0,0,0.030800821,0,0,0.024640657,0,0,0,0.034907598,0,0,0,0,0,0.008213552,0.008213552,0,0,0.012320329,0,0,0,0,0,0.014373717,0,0,0,0,0,0,0,0,0,0,0,0,0,0.008213552,0,0,0,0,0,0,0,0,0,0,0,0,0,0,0,0.016427105,0.008213552,0,0.032854209,0,0,0,0,0.071868583,0,0,0,0,0.016427105,0,0,0.014373717,0,0,0,0,0.018480493,0.008213552,0,0,0,0,0,0,0,0,0.008213552,0.022587269,0,0,0,0,0,0,0,0.102669405,0,0,0,0.018480493,0,0,0.012320329,0,0,0,0.014373717,0,0.018480493,0,0,0,0.016427105,0,0,0,0,0.018480493,0,0,0.098562628,0,0,0,0.01026694,0,0,0,0,0.026694045,0,0,0,0.018480493,0,0,0,0,0,0,0,0.051334702,0.067761807,0,0,0,0,0.012320329,0.014373717,0,0,0,0,0.016427105,0,0,0,0,0,0.01026694,0,0,0.026694045,0,0.008213552,0.008213552,0.036960986,0,0,0,0,0,0,0,0,0,0,0,0,0,0,0,0,0,0,0,0,0,0,0,0,0,0.01026694,0.01026694,0,0,0,0.059548255,0,0,0,0.008213552,0.01026694,0.01026694,0.018480493,0,0.069815195,0.012320329,0,0,0,0,0.01026694,0,0,0.012320329,0.032854209,0,0,0,0,0,0,0,0,0,0,0,0,0,0.012320329,0,0,0,0,0,0,0,0,0,0,0,0,0,0.008213552,0,0,0,0,0,0,0,0,0,0.008213552,0,0,0.751540041,0.90349076,0,0.022587269,0,0,0,0.022587269,0,0.121149897,0,0.655030801,0.020533881,0,0,0,0,0,0.061601643,0,0,0,0,0.012320329,0.866529774,1.002053388,1.01026694,0.32238193,0.026694045,0,0.006160164,0.045174538,0,0,0.006160164,0
"25",0,0.009118541,0.170212766,0.012158055,0,0,0.060790274,0,0,0,0,0.042553191,0,0.285714286,0,0,0,0,0,0,0.015197568,0.036474164,0,0.009118541,0,0,0,0,0.112462006,0,0.012158055,0.015197568,0,0,0,0.009118541,0.03343465,0.310030395,0,0,0.012158055,0,0.012158055,0.151975684,0.106382979,0.015197568,0.03343465,0.303951368,0,0,0,0,0,0.012158055,0.027355623,0,0,0,0,0,0,0,0,0,0,0,0,0,0.012158055,0.012158055,0,0,0,0.030395137,0,0,0,0.018237082,0,0,0,0,0,0,0,0,0,0,0,0,0,0,0,0,0,0,0,0,0,0,0.024316109,0,0.030395137,0,0.063829787,0,0,0.009118541,0,0,0,0,0.021276596,0,0.042553191,0,0,0,0,0.319148936,0,0.316109422,0,0,0.492401216,0.015197568,0.012158055,0.021276596,0,0,0,0,0,0,0,0,0,0,0,0,0,0,0.325227964,0.021276596,0,0.045592705,0,0,0.042553191,0,0.021276596,0.021276596,0,0.012158055,0.021276596,0,0.012158055,0,0,0,0,0,0,0,0.097264438,0,0,0,0.030395137,0,0,0,0,0,0.015197568,0,0,0.03343465,0,0.103343465,0,0,0.018237082,0.319148936,0,0,0.331306991,0,0,0.009118541,0.024316109,0.012158055,0.015197568,0.018237082,0,0,0,0.316109422,0,0,0,0.024316109,0,0,0,0.021276596,0.03343465,0,0,0,0.045592705,0,0,0,0,0,0,0,0,0,0,0,0,0,0.300911854,0,0,0,0,0,0,0,0,0,0,0.32218845,0,0,0,0,0,0.027355623,0.030395137,0,0,0.075987842,0.024316109,0,0,0,0.47112462,0,0,0,0,0,0.346504559,0.337386018,0,0.042553191,0.015197568,0,0,0,0,0,0,0,0,0,0,0,0,0,0,0,0,0.334346505,0,0,0,0,0,0,0.32218845,0,0,0,0,0.015197568,0,0,0,0,0,0,0.039513678,0.303951368,0,0.015197568,0.300911854,0.699088146,0.960486322,0,0.626139818,0.607902736,0.325227964,0.419452888,0,0.075987842,0,0,0.23100304,0,0,0.048632219,0,0.015197568,0,0.039513678,0,0,0,0,0,0.386018237,0.404255319,0.683890578,0.267477204,0.103343465,0.051671733,0,0.030395137,0,0,0.319148936,0.085106383
"27",0,0,0.169491525,0,0,0,0.050847458,0.016949153,0,0,0,0,0,0,0,0.016949153,0,0,0,0,0.06779661,0.06779661,0,0.016949153,0.06779661,0.016949153,0,0.338983051,0,0,0,0,0,0,0,0,0,0,0,0.016949153,0,0,0.033898305,0.796610169,0,0,0,0,0,0,0.050847458,0,0,0,0,0,0,0,0,0.050847458,0,0.016949153,0.338983051,0,0,0,0,0,0,0,0,0,0,0,0,0.355932203,0,0,0,0,0,0,0,0,0,0,0,0,0,0,0,0,0,0,0,0,0.016949153,0,0,0,0,0,0,0,0,0,0,0.101694915,0,0,0.016949153,0.016949153,0,0,0,0,0,0,0,0,0,0,0,0,0,0,0,0,0,0,0,0,0,0,0,0,0,0,0.033898305,0,0,0,0,0,0,0,0,0,0,0,0.033898305,0,0.016949153,0,0,0,0,0,0,0,0.016949153,0,0,0,0.050847458,0,0,0,0,0,0,0,0,0,0,0,0,0,0,0,0,0,0,0,0.016949153,0.033898305,0,0,0,0.016949153,0,0.06779661,0,0,0,0,0.050847458,0,0,0,0,0,0,0,0,0,0,0,0,0,0.016949153,0,0,0.322033898,0,0,0,0,0,0,0,0,0,0,0,0,0.016949153,0,0,0,0,0,0,0,0,0,0.016949153,0,0.016949153,0,0,0,0.016949153,0,0,0,0,0,0,0,0.389830508,0.016949153,0,0,0,0,0,0.016949153,0,0.016949153,0,0,0,0,0,0,0.016949153,0,0,0,0,0,0.016949153,0,0,0,0,0,0,0,0,0,0,0,0.016949153,0,0,0,0,0,0,0,0,0,0,0,0,0,0,0,0,0,1.033898305,0,0,0,0,0,0.033898305,0,0,0,0,0,0,0,0,0,0,0,0.033898305,0,0,0,0.016949153,1.06779661,1.050847458,1,1,0,0.033898305,0,0.118644068,0.322033898,0,0,0
"28",0,0,0.686098655,0,0,0,0.00896861,0,0,0,0,0,0,0,0.053811659,0.134529148,0,0,0,0.013452915,0.00896861,0,0,0.035874439,0.022421525,0,0,0,0.197309417,0,0.035874439,0,0.00896861,0.013452915,0,0.00896861,0.00896861,0,0,0,0.013452915,0,0.188340807,0,0,0,0,0,0,0,0,0,0,0,0,0,0,0,0,0,0,0,0,0,0,0,0,0,0,0,0,0,0,0,0,0,0,0,0,0,0,0,0,0,0,0,0,0,0,0,0,0,0,0.022421525,0,0,0,0,0,0,0,0,0.013452915,0,0,0,0,0.035874439,0,0,0,0,0,0,0,0,0,0,0,0,0,0,0,0,0,0.00896861,0.013452915,0,0,0,0,0.103139013,0,0,0.00896861,0,0,0,0,0,0,0,0,0.013452915,0,0,0.013452915,0.01793722,0,0.01793722,0.013452915,0,0.00896861,0,0,0,0,0,0.00896861,0,0,0.00896861,0,0,0.282511211,0,0,0,0.01793722,0,0,0,0.00896861,0,0,0,0,0.00896861,0.013452915,0,0,0,0.031390135,0,0,0.00896861,0.013452915,0,0,0,0,0,0.00896861,0,0,0,0,0,0,0.00896861,0,0,0,0.080717489,0,0,0,0,0,0,0.00896861,0,0,0.022421525,0,0,0,0,0,0,0,0.00896861,0,0,0,0,0,0,0,0,0,0,0,0,0,0,0,0,0,0,0.053811659,0.01793722,0.00896861,0.035874439,0,0.00896861,0.01793722,0,0.00896861,0,0.02690583,0,0,0,0,0,0,0,0,0.049327354,0,0,0,0,0.01793722,0,0.071748879,0.02690583,0.00896861,0,0,0,0,0,0,0,0,0,0,0,0,0.013452915,0.01793722,0,0,0,0,0,0,0,0,0,0,0,0.031390135,0.295964126,0,0,0,0,0,0.878923767,1.013452915,0,0,0,0,0,0.013452915,0,0,0,0.502242152,0,0.00896861,0,0,0,0,0.013452915,0,0,0,0,0,1.013452915,1.013452915,1,0.484304933,0.080717489,0,0,0.116591928,0,0,0,0
"30",0,0,0.014678899,0.005504587,0.018348624,0,0.011009174,0.56146789,0,0,0,0.00733945,0,0,0.502752294,0.005504587,0,0,0,0,0,1.117431193,0,0,0,0,0,0,0.016513761,0,0,0,0,0.016513761,0.255045872,0.005504587,0.018348624,0,0,0,0,0,0,0.933944954,0,0,0,0,0,0,0,0,0,0.009174312,0,0,0,0,0,0,0,0,0,0,0,0,0,0,0.533944954,0,0,0.622018349,0,0,0,0,0,0,0,0.574311927,0,0,0,0,0,0,0,0,0,0,0,0,0,0,0,0,0,0.473394495,0.618348624,0,0,0,0,0,0,0,0.510091743,0,0,0,0,0,0.093577982,0.565137615,0.585321101,0,0,0,0,0,0,0,0,0,0,0,0,0.016513761,0,0,0,0.005504587,0,0,0,0,0,0,0,0,0,0,0,0.009174312,0.550458716,0.086238532,0,0,0,0,0.005504587,0,0.00733945,0,0,0,0.005504587,0,0.022018349,0,0,0,0,0,0.442201835,0,0,0,0,0,0,0,0,0,0,0.655045872,0,0.014678899,0.005504587,0.00733945,0,0,0,0,0,0.011009174,0.025688073,0,0,0,0,0,0,0,0,0,0,0,0,0,0,0,0,0,0.598165138,0,0,0.488073394,0,0,0.022018349,0,0,0,0.574311927,0,0.121100917,0,0,0,0,0.669724771,0,0,0,0,0,0,0,0,0,0,0,0,0,0,0,0,0.00733945,0,0,0,0,0.532110092,0,0.00733945,0.027522936,0,0,0,0.029357798,0,0.005504587,0,0,0,0,0,0,0.016513761,0,0,0,0,0,0,0.623853211,0.247706422,0.014678899,0,0.310091743,0,0,0,0,0.52293578,0,0.00733945,0,0,0,0,0,0,0,0,0,0,0,0,0,0,0,0,0,0,0,0,0,0.005504587,0,0,1.020183486,0,0,0,0,0,0,0,0,0,0,0,0.011009174,0,0,0,0,0.027522936,0,0,0,0,0,1.020183486,1.011009174,1.003669725,1.009174312,0.018348624,0,0.00733945,0.016513761,0,0,0,0
"31",0,0,1.452941176,0.014705882,0,0,0,0,0,0,0,0,0,0,0,0,0,0,0.014705882,0,0,0,0,0,0,0,0,0,0.041176471,0,0,0,0,0.552941176,0.070588235,0,0,0,0,0.747058824,0.041176471,0.011764706,0.011764706,0,0,0,0,0,0.758823529,0,0,0,0,0.041176471,0,0,0,0,0.008823529,0.820588235,0.020588235,0,0,0,0.685294118,0,0,0,0.005882353,0,0.529411765,0,0,0,0,0,0,0,0,0,0,0,0,0,0,0.738235294,0,0,0,0,0,0,0,0,0,0.573529412,0,0,0,0,0,0.002941176,0,0,0,0,0,0.002941176,0,0,0,0,0.688235294,0,0,0,0,0,0,0,0,0.002941176,0,0,0,0,0,0.035294118,0,0.75,0,0,0,0.75,0.020588235,0,0,0.45,0,0,0,0,0,0,0,0,0,0,0,0,0.297058824,0,0.638235294,0,0,0.670588235,0.45,0,0,0.811764706,0,0,0,0,0.085294118,0.676470588,0,0.735294118,0.008823529,0,0,0,0,0.7,0,0,0,0,0,0,0,0,0,0,0.129411765,0,0,0,0,0,0,0,0,0,0,0,0,0,0,0.002941176,0,0,0.429411765,0.017647059,0,0.020588235,0.011764706,0,0,0,0,0,0,0,0,0,0,0,0,0,0.694117647,0,0,0.038235294,0,0,0,0.905882353,0,0,0,0,0,0,0,0,0.391176471,0,0.335294118,0,0,0.020588235,0.008823529,0,0,0.588235294,0,0,0,0,0.005882353,0,0,0,0,0,0,0,0.729411765,0,0,0.426470588,0.426470588,0.379411765,0.370588235,0.229411765,0,0.652941176,0.5,0,0,0,0.291176471,0,0,0,0,0,0,0,0,0,0,0,0,0,0,0.858823529,0,0,0,0,0,0,0.023529412,0,0,0,0,0,0,0.952941176,1.032352941,0,0,1,0,0,0.697058824,0,1.011764706,0.008823529,0.982352941,0.382352941,0,0,0.420588235,0,0,0,0,0.858823529,0.423529412,0,0,0,0,1,0,0.176470588,0.755882353,0,0.002941176,0,0,0,0.002941176
"32",0,0,0.024193548,0,0.008064516,0,0.048387097,0,0,0,0,0,0,0.370967742,0.056451613,0,0,0,0,0,0.032258065,0,0,0,0.153225806,0,0,0,0.322580645,0,0,0,0,0.032258065,0,0,0,0,0,0,0.016129032,0,0.064516129,0.89516129,0,0,0,0,0,0,0,0,0,0.016129032,0,0,0,0,0,0,0.016129032,0,0,0,0.024193548,0,0,0,0,0,0,0,0,0,0,0,0,0,0,0,0,0,0,0.008064516,0,0,0,0,0,0,0,0,0,0,0,0,0,0,0,0,0,0,0,0,0.306451613,0,0,0,0,0,0,0,0.024193548,0,0,0,0,0,0,0.306451613,0,0,0,0,0.008064516,0,0,0,0,0,0,0.064516129,0,0,0,0,0.306451613,0,0,0,0.306451613,0,0.274193548,0,0.008064516,0,0.072580645,0,0,0,0.016129032,0,0,0.387096774,0.032258065,0,0,0,0,0,0,0,0,0.306451613,0.024193548,0,0,0,0,0,0,0,0,0.024193548,0,0,0,0,0.322580645,0,0,0,0,0,0,0.056451613,0.024193548,0,0,0.274193548,0,0,0,0.016129032,0,0,0,0,0,0,0,0,0,0.024193548,0,0,0,0,0,0,0.153225806,0,0,0,0.008064516,0,0,0,0,0.306451613,0,0,0.008064516,0.024193548,0,0,0,0,0,0,0,0,0.024193548,0,0,0,0,0,0,0,0,0,0.016129032,0,0.024193548,0.064516129,0.008064516,0,0.008064516,0,0.048387097,0,0,0,0,0,0.306451613,0.016129032,0,0,0,0,0,0,0,0,0,0.016129032,0.016129032,0,0,0,0.008064516,0,0,0,0,0,0,0,0,0,0,0,0,0,0,0,0,0.10483871,0,0,0,0.008064516,0,0,0,0,0,0,0,0,0.975806452,0,0.919354839,0.733870968,0,0.040322581,0,0,0,0,0.016129032,0,0,0,0,0,0,0,0,0,0,0,0,0,0.266129032,1.008064516,0.935483871,0.314516129,0,0,0.330645161,0,0,0,0
"33",0,0,0.623678647,0,0,0,0,0,0,0,0,0.016913319,0,0,0.101479915,0.657505285,0,0,0,0.025369979,0.038054968,0.014799154,0,0,0,0.581395349,0,0,1.019027484,0,0,0,0.00422833,0,0,0,0.012684989,0,0,0,0.00845666,0,0.021141649,0,0,0,0.00422833,0,0,0.00422833,0.43551797,0,0,0.00422833,0,0.00845666,0,0,0,0,0,1.054968288,0,0,0,0,0,0,0.006342495,0.00422833,0,0,0,0,0,0,0,0,0,0,0,0,0,0,0,0,0,0,0,0,0,0,0,0,0.408033827,0,0,0,0,0,0,0,0,0,0,0,0,0,0,0,0,0,0,0,0,0,0,0,0.649048626,0,0,0,0,0,0,0,0,0,0,0,0,0,0,0,0.006342495,0,0,0,0,0.006342495,0,0,0,0.00845666,0,0.006342495,0.046511628,0,0,0,0,0,0,0,0,0,0.042283298,0,0,0,0.054968288,0.490486258,0,0,0.684989429,0,0,0,0.636363636,0,0.33615222,0,0,0,0.433403805,0,0,0,0,0,0.632135307,0,0,0,0.145877378,0,0,0,0,0,0.00845666,0.505285412,0,0,0,0,0,0.014799154,0,0,0.511627907,0,0,0,0,0.023255814,0,0,0.010570825,0,0.016913319,0,0,0.00422833,0.029598309,0,0,0,0.520084567,0,0,0.006342495,0,0,0.167019027,0,0,0,0,0,0,0,0,0,0,0.090909091,0.006342495,0,0,0,0,0.010570825,0.00422833,0,0,0,0.433403805,0,0.040169133,0,0,0,0,0,0.046511628,0.488372093,0,0,0,0.691331924,0,0,0,0,0,0,0,0.076109937,0,0,0,0,0,0,0,0,0,0.006342495,0,0,0,0,0,0.465116279,0.00422833,0,0,0,0.012684989,0,0,0,0,0,0,0,0,0,0,0.031712474,0,0.968287526,1.101479915,0,0.790697674,0.99154334,0.708245243,0,0.00422833,0.665961945,0.213530655,0,0.317124736,0,0,0,0,0.025369979,0,0.602536998,0.012684989,0,0,0,0,0.019027484,0.019027484,0.334038055,0.006342495,0.175475687,0,0.010570825,0.010570825,0,0,0,0
"34",0,0,0.22147651,0.033557047,0,0.369127517,0.087248322,0,0,0,0,0.020134228,0,0,0.080536913,0.013422819,0,0,0,0,0,0.020134228,0,0,0,0,0,0,0.053691275,0,0,0,0,0,0,0,0,0,0,0.020134228,0,0,0.912751678,0.993288591,0,0,0,0.006711409,0,0,0,0,0,0,0,0,0,0.322147651,0,1.134228188,0.033557047,0,0,0,0,0,0,0,0,0.013422819,0.006711409,0,0.33557047,0,0,0,0.469798658,0,0,0,0,0,0,0,0,0,0,0.308724832,0,0,0,0,0,0,0,0,0.375838926,0,0,0,0,0,0,0,0,0.053691275,0,0.020134228,0,0,0.033557047,0,0,0,0,0,0,0,0,0,0.026845638,0,0,0,0,0,0,0,0,0.033557047,0,0.020134228,0.369127517,0,0.033557047,0,0,0,0,0.033557047,0,0,0.375838926,0,0,0,0,0,0,0,0.087248322,0,0,0,0,0,0.013422819,0,0,0,0,0,0,0.033557047,0.053691275,0,0,0.020134228,0.013422819,0,0,0,0,0.053691275,0.013422819,0,0,0,0,0.375838926,0,0,0.026845638,0,0,0,0.161073826,0,0,0,0.718120805,0,0,0,0,0,0,0.033557047,0,0.362416107,0,0,0,0,0.080536913,0.040268456,0.006711409,0,0.476510067,0,0.590604027,0,0,0,0,0.375838926,0,0.375838926,0,0,0,0.013422819,0,0.006711409,0.006711409,0,0,0,0.020134228,0,0.006711409,0,0,0,0.046979866,0,0,0,0,0,0,0.194630872,0,0.020134228,0,0,0.046979866,0,0.020134228,0,0.013422819,0.013422819,0.013422819,0.375838926,0,0,0,0,0,0.006711409,0,0,0,0,0,0.469798658,0,0.013422819,0,0.530201342,0.020134228,0,0.013422819,0,0,0,0,0.087248322,0,0,0,0.013422819,0,0,0,0.375838926,0,0,0,0,0,0,0,0,0,0,0,0,0.040268456,0.026845638,0,0,1.040268456,0,0,0,0,0,0,0,0,0,0.926174497,0,0.308724832,0,0,0,0,0.053691275,0,0.013422819,0,0,0,1.013422819,0.993288591,0.993288591,0.080536913,0.093959732,0,0,0.080536913,0.067114094,0,0.020134228,0
"37",0,0.392857143,0.071428571,0,0,0,0,0,0,0,0,0,0,0,0,0,0,0,0,0,0.357142857,0,0,0,0,0,0,0,0,0,0.071428571,0,0,0,0,0,0.642857143,0,0,0.285714286,0,0,0,0,0.464285714,0.5,1,0,0,0,0,0,0,0.678571429,0.357142857,0,0,0,0.5,0,0,0,0,0,0,0,0,0,0,0,0,0,0,0,0,0,0,0,0,0,0.392857143,0,0,0,0,0,0.607142857,0,0,0,0.357142857,0,0,0,0,0,0,0,0,0,0,0,0.785714286,0,0,0,0,0,0,0,0,0,0,0,0,0,0,0,0,0,0,0,0,0.607142857,0,0.428571429,0.428571429,0.392857143,0,0,0,0,0,0,0,0,0,0,0,0,0,0,0,0.071428571,0,0.392857143,0,0.428571429,0.785714286,0.428571429,0.357142857,0.392857143,0,0,0,0,0,0,0,0,0.357142857,0,0,0,0,0,0,0,0,0,0,0,0,0,0.428571429,0,0.642857143,0,0,0,0,0,0,0,0.392857143,0.178571429,0,0,0,0,0,0,0,0,0.392857143,0,0,0,0,0,0,0,0,0,0,0,0.071428571,0,0,0,0,0,0,0,0,0,0,0,0,0,0,0,0,0,0,0,0,0,0,0,0,0,0,0,0,0,0.214285714,0,0,0,0,0,0,0,0,0,0,0,0,0,0.464285714,0,0,0,0,0,0,0,0,0.071428571,0,0,0,0,0,0.607142857,0,0,0,0,0,0,0,0,0,0,0,0,0,0,0,0,0,0,0,0,0,0,0,0,0,0,0,0,0,0,0.428571429,0,0,0.428571429,0,1,1,0,0.035714286,1,0,0,0,0,0.75,0,0.75,0,0,0,0,0,0,0,0,0,0,0,0,0.214285714,0,1,0.25,0.357142857,0,0,0,0,0,0,0
"38",0,0,0.138686131,0.01459854,0,0,0.01459854,0,0,0,0,0.02919708,0,0,0.02919708,0,0,0,0,0,0.00729927,0.00729927,0,0,0,0,0,0,0,0,0,0,0.00729927,0,0,0,0,0,0.01459854,0.00729927,0,0,0.481751825,0.832116788,0,0,0,0,0,0,0,0,0.087591241,0,0,0.01459854,0,0.00729927,0,0,0.01459854,0,0,0,0,0,0,0,0,0,0.00729927,0,0,0,0,0,0,0,0,0,0,0,0,0,0,0,0,0,0,0,0,0,0,0,0,0,0,0,0,0,0,0,0,0,0,0,0,0.138686131,0,0,0,0,0.02919708,0,0,0,0,0,0,0,0.04379562,0,0,0,0,0,0,0,0,0,0,0.02189781,0,0,0.01459854,0,0,0,0,0.051094891,0,0,0,0.04379562,0,0,0,0,0,0,0,0,0.00729927,0,0,0,0.02919708,0,0,0,0,0,0,0,0.02919708,0,0,0,0.01459854,0,0,0,0,0.00729927,0,0.01459854,0,0.01459854,0,0,0,0,0,0,0,0,0.04379562,0,0,0,0,0.00729927,0.00729927,0,0,0,0,0,0,0,0,0,0,0,0,0.01459854,0.01459854,0,0,0,0.058394161,0,0,0,0,0,0,0.00729927,0,0,0,0.02919708,0.01459854,0,0,0,0.01459854,0,0.01459854,0,0.02189781,0,0,0,0,0,0.00729927,0,0,0,0,0.080291971,0,0,0,0,0.058394161,0,0.02919708,0,0.145985401,0.02919708,0.02189781,0,0,0,0,0,0,0.01459854,0,0,0,0,0,0,0,0,0,0,0,0,0,0,0,0,0,0,0,0,0,0,0,0,0,0,0,0,0,0,0,0,0,0,0,0,0.01459854,0,0,0.138686131,0,0,0.934306569,0,0,0.737226277,0,0,0,0,1.00729927,0.058394161,0.430656934,0.00729927,0,0,0,0,0,0.02919708,0,0,0,0,0,0,0.218978102,1.02189781,0.547445255,0.00729927,0.04379562,0.00729927,0.02919708,0.01459854,0,0,0
"39",0,0,0.018867925,0.056603774,0,0,0.452830189,0.075471698,0,0.358490566,0,0,0,0,0,0,0,0,0.358490566,0,0,0,0,0,0,0,0,0,0.037735849,0,0,0,0,0,0,0.339622642,0.056603774,0.037735849,0,0,0,0,0,0,0,0,0,0,0,0,0,0,0.018867925,0,0,0,0,0,0,0,0.377358491,0,0,0,0,0.056603774,0,0,0.018867925,0,0,0,0,0,0,0,0,0,0,0,0,0,0,0,0,0,0,0,0,0,0,0,0,0,0,0,0,0,0,0,0,0,0,0,0,0,0,0.433962264,0,0,0,0,0,0,0.056603774,0,0,0,0,0,0,0,0,0,0,0,0,0,0,0,0.056603774,0,0,0,0.452830189,0,0,0,0,0,0,0,0,0,0,0,0,0,0,0,0.41509434,0,0,0.018867925,0,0,0,0,0,0,0,0,0,0.018867925,0,0,0,0,0,0.358490566,0,0,0,0,0,0,0,0,0,0,0,0,0,0,0,0.509433962,0.188679245,0,0,0,0,0.056603774,0,0,0,0,0,0,0,0.037735849,0,0,0,0,0.056603774,0,0,0,0,0,0.41509434,0,0,0,0,0,0,0,0,0,0,0,0,0,0,0,0,0,0.358490566,0,0,0,0,0,0,0,0,0,0,0,0,0.094339623,0,0,0,0,0,0,0,0,0.018867925,0,0,0,0,0,0,0,0,0,0.396226415,0,0,0,0,0,0,0,0,0,0,0,0.018867925,0,0,0,0,0,0,0,0,0,0,0,0,0,0,0,0,0,0,0,0,0,0,0,0,0,0,0,0,0.905660377,0.981132075,0,0,0,0,0,0,0,0.018867925,0,1,0,0,0,0,0,0,0.037735849,0,0,0,0,0,0.981132075,1,1,0,0.037735849,0,0,0,0,0,0,0
"40",0,0,0.102564103,0,0,0,0,0,0,0,0,0,0,0,0,0,0,0,0,0,0.051282051,0,0,0,0,0,0,0,0.051282051,0,0,0,0,0.025641026,0,0,0,0,0,0,0.051282051,0,0.025641026,0.743589744,0,0,0,0,0,0,0,0,0,0,0,0,0,0,0,0,0,0,0,0,0,0,0,0,0,0,0,0,0,0,0,0,0,0,0,0,0,0,0.307692308,0,0,0,0,0,0,0,0,0,0,0,0,0,0,0,0,0,0,0,0,0,0,0,0,0,0,0,0,0,0,0,0,0,0,0,0,0,0.051282051,0,0,0,0,0,0,0,0,0,0,0,0,0,0.025641026,0,0,0,0,0.051282051,0,0,0,0,0,0,0,0,0,0,0,0,0,0,0,0,0,0,0,0,0,0,0,0,0,0,0,0,0,0,0,0,0,0,0,0,0,0,0,0,0,0,0,0,0,0,0,0,0,0,0,0,0,0,0,0,0,0,0,0,0,0,0,0.051282051,0,0,0,0,0,0,0,0,0,0,0,0,0,0,0,0,0,0,0,0,0,0,0,0,0,0,0,0,0,0,0,0,0,0,0,0.025641026,0,0,0,0,0,0,0,0.051282051,0,0,0,0,0,0,0,0,0,0,0,0,0,0,0,0,0,0,0,0,0,0,0,0,0,0,0,0,0,0,0,0,0,0,0,0,0,0,0,0,0,0.051282051,0,0,0,0,0.051282051,0.051282051,0,0,0,0,0,0,0.948717949,0,0,0,0,0,0,0,0,0,0,0,0,0.051282051,0,0,0,0,0,0,0,0,0,1,1,1,1,0,0,0,0,0,0,0,0
"41",0,0,0,0.436363636,0,0,0,0,0,0,0,0,0,0,0,0,0,0,0,0,0.109090909,0,0,0,0.6,0,0,0,0,0,0,0,0.327272727,0,0,0,0.018181818,0,0,0,0.218181818,0.4,0,0.936363636,0,0,0,0,0,0,0,0,0,0.763636364,0,0,0,0,0,0,0,0,0,0,0,0,0,0,0,0,0,0,0,0,0,0,0,0,1.5,0,0,0,0,0,0,0,0,0,0,0,0,0,0,0,0,0,0,0.436363636,0,0,0,0,0,0,0,0,0,0,0.536363636,0,0,0,0,0,0,0,0,0.681818182,0,0,0,0,0,0,0,0,0,0,0,0,0,0,0,0,0,0,0,0,0,0,0,0,0,0,0,0,0,0,0,0,0,0,0,0,0,0,0,0,0,0,0,0,0,0,0.018181818,0,0,0,0,0,0,0,0,0,0,0,0,0,0,0,0,0,0,0,0,0,0.472727273,0.409090909,0,0,0,0,0,0,0,0,0,0,0,0,0,0,0,0.418181818,0,0,0.009090909,0,0,0,0,0,0,0,0,0,0,0,0,0,0,0,0,0,0,0,0,0,0,0,0,0,0,0,0.309090909,0,0,0,0,0,0,0,0,0,0,0,0,0,0,0,0,0.418181818,0,0,0,0,0,0,0,0,0,0,0,0,0,0,0,0,0,0,0,0,0.381818182,0,0,0,0,0,0,0,0,0,0,0,0,0,0,0,0,0,0,0,0,0,0,0,0,0,0,0,0,0,0.945454545,0,0,0,0,0,0,0,0,0,0,0,0.027272727,0,0,0,0,0,0,0,0,0,0,1,1,1,1,0.027272727,0,0,0,0,0,0.009090909,0.009090909
"42",0,0,1.872174591,0,0,0,0,0,0,0,0,0,0,0,0.000779423,0,0,0,0,0,0,0,0,0,0,0,0,0,0.087295401,0,0,0,0,0.759937646,0.880748246,0,0,0,0.000779423,0.888542479,0,0.000779423,0,0,0,0,0,0,0.92517537,0,0,0,0,0,0,0,0,0,0,0,0,0,0,0,0.800467654,0,0,0,0.000779423,0,0.712392829,0.004676539,0,0,0,0,0,0,0,0,0,0,0,0,0,0.823850351,0,0,0,0,0,0,0.00233827,0,0,0.712392829,0,0,0,0,0,0,0.032735776,0,0,0.000779423,0,0.001558846,0,0,0,0,0.73421668,0,0,0,0.000779423,0,0,0,0,0.003117693,0,0,0,0,0,0.003117693,0,0.065471551,0,0,0,0.880748246,0.006235386,0,0,0,0,0,0,0,0,0,0,0,0,0,0,0,0.577552611,0,1.699142634,0,0.690568979,0.744349182,0.007014809,0.000779423,0,0.871395168,0,0.006235386,0,0,0.02650039,0.742010912,0,0.787217459,0,0,0,0,0,0.769290725,0,0,0,0,0,0,0,0,0.000779423,0,0.192517537,0,0,0,0,0,0,0,0,0,0,0,0,0,0,0,0,0.000779423,0,0,0,0,0,0,0.029618083,0,0.084957132,0,0,0,0,0,0.019485581,0,0,0,0.745908028,0,0,0.795011691,0,0,0,0,0,0,0,0,0,0,0,0,0.420888542,0,0.029618083,0,0,0.043647701,0,0,0,0.724084178,0,0.000779423,0,0,0.02182385,0,0,0,0,0,0,0,0.85035074,0,0.000779423,0,0,0,0,0,0,0.731098987,0.005455963,0,0.000779423,0,0,0,0,0,0,0,0,0,0,0,0,0,0.000779423,0,0,0,0,0,0,0,0,0,0,0,0,0,0,0,0,0.998441154,1.027279813,0,0,0.065471551,0,0,0.031176929,0,1.006235386,0.442712393,0.991426345,0,0,0.019485581,0,0.115354638,0,0.00233827,0,0.915822292,0,0,0,0,0.935307872,0.995323461,0.00233827,0,0.893219018,0,0.000779423,0,0,0,0.00233827
"45",0,0,1.025,0,0,0,0.233333333,0.108333333,0,0,0,0.591666667,0,0,0.016666667,0,0,0,0,0.033333333,0,0,0.325,0.325,0,0,0.008333333,0,1.141666667,0,0.183333333,0,0.125,0,0,0,0.033333333,0,0.008333333,0,0.008333333,0,0.008333333,0.05,0,0,0,0,0,0.133333333,0,0,0,0,0,0,0,0,0,0,0,0,0,0,0,0,0,0,0,0.008333333,0,0,0,0,0,0,0,0,0,0.066666667,0,0,0,0.116666667,0,0,0,0.05,0,0,0,0,0,0,0,0,0,0,0,0.008333333,0,0.033333333,0,0,0,0,0,0.225,0,0,0,0,0,0,0,0.316666667,0.2,0,0,0.15,0.1,0,0,0,0,0,0,0.016666667,0,0,0,0,0,0,0.116666667,0,0.283333333,0,0,0,0,0,0,0.091666667,0,0,0,0,0,0,0,0,0,0,0.058333333,0,0.016666667,0,0,0,0.116666667,0,0,0.033333333,0.183333333,0,0,0,0.125,0,0,0.133333333,0,0.066666667,0,0,0,0,0,0,0,0,0.091666667,0,0,0.075,0.2,0,0,0,0,0,0,0,0,0,0,0,0,0,0,0.008333333,0,0,0.041666667,0.041666667,0.116666667,0,0,0,0.008333333,0,0,0,0,0,0,0,0,0,0,0.133333333,0,0,0,0,0,0.025,0,0,0,0,0,0,0,0,0.008333333,0,0,0,0,0.116666667,0.55,0.041666667,0,0,0,0.008333333,0.016666667,0.3,0,0,0.008333333,0,0,0,0,0.175,0,0.033333333,0.016666667,0,0,0,0,0,0.008333333,0.041666667,0,0,0,0,0,0,0,0,0,0.008333333,0,0,0,0,0,0,0.016666667,0,0,0.025,0,0,0,0,0.025,0,0,0,0,0,0,0,0,0.825,1.05,0,0.233333333,1,0,0,0,0,0.733333333,0,0.983333333,0.008333333,0,0.008333333,0,0.358333333,0,0.041666667,0,0,0,0,0,0.041666667,0.008333333,1.008333333,0.025,0.575,0.333333333,0,0.008333333,0,0.15,0,0
"46",0,0,0.129032258,0,0,0,0.064516129,0,0,0,0,0.483870968,0,0.064516129,0,0,0,0,0,0,0,0,0,0.387096774,0,0,0,0,0.064516129,0,0.032258065,0,0.129032258,0,0.290322581,0,0.032258065,0,0,0.032258065,0.35483871,0,0.032258065,0,0,0,0,0,0,0.032258065,0,0,0,0,0,0,0,0,0,0,0,0,0,0,0,0,0,0.032258065,0,0.064516129,0,0,0,0,0,0,0,0,0,0,0,0,0,0.483870968,0,0.064516129,0,0,0.580645161,0,0,0,0,0,0,0,0.064516129,0,0,0,0,0,0,0,0,0,0,0.064516129,0,0,0,0,0,0,0,0,0.064516129,0,0,0,0.032258065,0,0,0,0,0,0,0,0,0,0,0,0,0,0,0,0,0,0,0.032258065,0,0,0.096774194,0.258064516,0,0,0,0,0,0,0.129032258,0,0,0,0,0,0.032258065,0,0,0,0,0,0,0,0.35483871,0,0,0,0,0,0,0,0,0.064516129,0,0,0,0.032258065,0,0,0,0,0.129032258,0,0,0,0,0,0,0.032258065,0,0,0,0,0,0,0,0,0,0,0,0,0.258064516,0,0,0,0.032258065,0,0,0,0.161290323,0,0,0,0,0,0,0,0,0,0,0,0,0,0,0,0,0,0,0,0,0,0,0,0,0,0.193548387,0,0,0,0,0,0,0,0,0,0.032258065,0,0,0,0.193548387,0,0,0,0,0,0,0,0,0.032258065,0.032258065,0,0,0,0,0,0,0,0,0,0,0,0,0,0,0,0,0,0,0,0,0,0,0,0,0,0,0,0.064516129,0,0.032258065,0,0,0,0.064516129,0,0,0,0,0.064516129,0,0.967741935,1.032258065,0,0,0,0,0,0.064516129,0,0.258064516,0.064516129,1,0,0,0,0,0,0,0.290322581,0,0,0,0,0,0.741935484,0.935483871,1,0.064516129,0.419354839,0.064516129,0,0.064516129,0,0,0,0
"52",0,0,0,0,0,0,0,0,0.322580645,0,0,0,0,0,0,0,0.387096774,0.612903226,0,0.35483871,0.032258065,0,0,0,0,0,0,0,0,0,0,0,0,0,0,0,0,0,0.612903226,0,0,0,0.129032258,0.967741935,0,0,0,0,0,0,0,0.387096774,0,0.387096774,0,0,0.322580645,0,0,0,0,0,0,0.774193548,0,0,0,0.387096774,0,0.096774194,0,0,0,0,0,0,0,0,0,0,0,0,0,0,0.612903226,0,0,0,0,0,0,0,0,0.322580645,0,0,0,0,0,0.032258065,0,0.35483871,0,0,0,0,0,0.322580645,0,0,0,0.612903226,0,0,0,0.032258065,0,0,0,0,0,0,0,0,0,0,0,0,0,0,0,0,0,0,0,0.387096774,0,0,0.032258065,0.032258065,0,0,0,0.387096774,0,0,0,0,0,0,0,0,0,0,0,0,0,0,0,0,0,0,0,0,0,0,0,0,0,0,0,0,0,0,0,0,0,0,0,0,0,0,0,0,0,0,0,0,0,0,0,0,0,0,0,0,0,0,0,0,0,0,0.032258065,0,0,0,0.419354839,0,0,0,0.193548387,0,0,0,0,0,0,0,0,0,0,0,0,0,0,0,0,0,0,0.322580645,0.35483871,0,0,0,0,0,0,0,0,0,0,0,0,0,0,0,0,0,0.387096774,0,0,0,0,0,0,0,0,0,0,0.838709677,0,0,0,0,0,0,0,0,0,0,0,0,0,0,0,0,0,0,0,0,0,0,0,0,0,0,0,0,0,0,0.322580645,0,0,0,0.387096774,0,0,0,0,0.064516129,0,0,1.096774194,0,0,0,0,0,0,0,0,0,1,0,0,0,0,0,0,0.032258065,0.64516129,0,0,0,0,1,1.064516129,1,0,0,0.096774194,0,0,0,0,0,0
"55",0,0,0.726708075,0.00621118,0.316770186,0,0,0,0,0,0,0.428571429,0,0,0.00621118,0.01863354,0,0,0,0.217391304,0.055900621,0.00621118,0,0,1.049689441,0.00621118,0,0,1.354037267,0.086956522,0.322981366,0,0,0,0,0,0.217391304,0,0.031055901,0,0.00621118,0,0.02484472,0,0,0,0,0,0,0,0,0,0,0,0.031055901,1.316770186,0,0,0,0,0,0,0,0,0,0,0,0,0,0.664596273,0.02484472,0,0,0.01242236,0,0,0,0,0,0,0,0,0,0,0,0,0,0,0,0,0,0.360248447,0,0,0,0,0,0,0,0,0,0,0.192546584,0,0,0.857142857,0,0,0.00621118,0,0,0,0,0,0,0,0,0,0,0,0,0,0,0,0,0,0,0,0,0,0,0,0,0,0.062111801,0,0,0,0.472049689,0,0,0,0,0,0,0,0,0,0,0,0,0,0,0,0,0,0,0.47826087,0.422360248,0,0,0.00621118,0,0,0.881987578,0,0,0,0,0,0,0,0,0,0,0,0,0.00621118,0,0,0,0,0,0,0.037267081,0,0,0,0,1.416149068,0.062111801,0,0.316770186,0,0,0.310559006,0,0,0,0,0,0,0,0,0.049689441,0.565217391,0,0,0.149068323,0.347826087,0.031055901,0.341614907,0,0,0,0,0,0,0,0,0,0,0,0,0,0,0,0.099378882,0,0,0,0,0,0,0,0,0.068322981,0,0,0.50931677,0.242236025,0.322981366,0,0,0.00621118,0,0.229813665,0.906832298,0,0,0,0,0.00621118,0,0,0,0,0,0,0,0,0,0,0,0.01242236,0.422360248,0,0,0,0,0,0,0,0.459627329,0,0,0,0.02484472,0,0,0,0.844720497,0,0,0,0,0.01242236,0.099378882,0,0.590062112,0,0,0.906832298,0,0,0.01242236,0.00621118,0.01863354,0,0,0,1.00621118,1.01242236,0,1.031055901,1,0,0,0.055900621,0,0,0,0.98757764,0,0,0.894409938,0,0,0,0,0,0,0,0,0.590062112,0,0,0.99378882,0.00621118,0.881987578,0,0.906832298,0,0,0,0,0
