"","X2.Hacid_dh","X4PPT_N","AAA_21","Abhydrolase_8","AbiEi_WP_092960020.1","AbiEi_WP_170110179.1","AbiEii_WP_069691453.1","Acetyltransf_4","Adenine_glyco","AdoMet_Synthase","Aldedh","BPD_transp_1","BioY","BrxP_00001","CARF1..CARF_HEPN_MK_CARF_00010413","CARF1..CARF_HEPN_MK_CARF_00010458","CARF1..CARF_HEPN_MK_CARF_00012985","CARF1..CARF_HEPN_MK_CARF_00100024","CARF1..CARF_HEPN_MK_CARF_01000268","CARF1..CARF_HEPN_MK_CARF_01000310","CARF1..CARF_HEPN_MK_CARF_01001754","CARF2..CARF_HEPN_CSX20_CARF2..CARF_HEPN_CSX20","CARF2..CARF_HEPN_MK_CARF_00010257","CARF2..CARF_HEPN_MK_CARF_00101038","CARF2..CARF_MK_CARF_01001217","CARF3..CARF_MK_CARF_01000494","CARF3..CARF_MK_CARF_01001287","CARF4..CARF_PDDEXK_MK_CARF_00100567","CARF4..CARF_PDDEXK_MK_CARF_01001678","CARF5..CARF_MK_CARF_00010430","CARF7..CARF_RelE_MK_CARF_00011267","COG1332","COG1421","COG1567","Carb_kinase","Cas10_IIIa_WP_087192840.1","Cas12d","Cas1_IIIa_WP_000655858.1","Cas1_IIIa_WP_158094482.1","Cas1_IIIb_Cas1_IIIb","Cas1b_WP_035727688.1","Cas1b_WP_142933338.1","Cas1fv_WP_091991229.1","Cas1g_WP_005511840.1","Cas2_IIIa_Cas2_IIIa","Cas2_IIIb_Cas2_IIIb","Cas2b_WP_014295803.1","Cas2b_WP_028460064.1","Cas2b_WP_038071942.1","Cas6_IIIa_WP_087192841.1","Cas6_IIIa_YP_009360199.1","Cas6b_WP_066632526.1","Cas6d_WP_087711943.1","CcdB","Csm5","DDE_2","DDE_Tnp_IS240","DDRGK","DHH","DHO_dh","DUF1403","DUF1778","DUF2277","DUF2290_Pers","DUF2293","DUF3149","DUF3419","DUF3558","DUF3791","DUF3793","DUF4317","DUF4760","DUF5024","DUF5320","DUF5343","DUF576","DUF5831","DUF5998","DUF6002","DUF6101","DUF6398","DUF6479","DUF6527","DUF937","DpdF_00011","DprA","DrmD_00007","E1.E2_ATPase","EAL","ECF.ribofla_trS","ECH_1","Ectoine_synth","Effector_00029","Effector_00062","EpuA","FMN_bind","Fe.ADH","FeoB_associated","Flavodoxin_4","GATase_2","GHMP_kinases_N","HTH_18","HTH_31","Herpes_LMP1","IF.2","IetA_00002","IreB","Isochorismatase","Itfg2","JetC1_00001","KBTB_W.LIR","Lar_restr_allev","LicD","Lipoprotein_8","LppA","MTase_I_00004","Metallophos","Metallophos_3","MurJ","MzaA_00001","NQR2_RnfD_RnfE","OmdA","PEP.utilizers_C","PHD_like","PIN_9","PPR_long","PRAI","Pam16","PanZ","Pan_kinase","ParD_antitoxin","PepX_C","Peptidase_M20","Phage_terminase","PhdYeFM_antitox","Piezo_RRas_bdg","Pilus_CpaD","Pox_F16","PreAtp.grasp","RBFA","RE_XamI","REase_I_00001","REase_I_00008","RelA_SpoT","RelB","Ribosomal_L12_N","Ribosomal_S18","Ribosomal_S6","Rnf.Nqr","Rrf2","RtcR..CARF_AAA_HTH_MK_CARF_00010755","SBP_bac_1","SDH_sah","SNF","SSB","SmAKAP","Specificity_I_00033","SspA_00001","Sulfate_transp","T7SS_ESX_EspC","TFIIIC_sub6","TGBp3","TP_methylase","TadF","ThiW","Thiolase_N","TnpV","TnsB_0_V.K","Transgly","TruB_N","TsaD","TsaE","UDPGP","UPF0102","UPF0236","UPF0257","V_U4","Virulence_RhuM","YafQ_toxin","Yip1","YjgF_endoribonc","Zn_peptidase_2","ZorD1_00005","cas1","cas3_yersinia","cas5_csm4","cas7_TM1809","cas_HTH","cas_TM1807_csm5","cas_TM1810_Csm2","cas_TM1811_Csm1","cas_csm6","caspase","cd06127","cd09647","cd09662","cd09663","cd09680","cd09684","cd09725","cls000004","cls000023","cls000118","cls000184","cluster10","csm3_IIID_maka_6","csm4_IIIA_maka_3","darG","darT","drt.cluster579","icity0067","icity0107","mREase_IV_00004","mREase_IV_00005","mkCas0066","mkCas0081","mkCas0085","mkCas0089","mkCas0182","pVip.lone","pfam01867","pfam03750","pfam08800","pfam09455","pfam09611","pfam09614","pfam09615","pfam09618","pfam09701","pfam09827","pfam13280","retron_type_I_B1_atpase_toprim_cluster22_2","retron_type_VI_hth_cluster2_1","shah_acc_0002","shah_acc_0035","shah_acc_0077","shah_acc_0186","shah_acc_0193","shah_acc_0214","shah_acc_0227","tRNA.synt_1b","xls002255"
"6",0.03626943,0,0.494818653,0,0,0,0,0.033678756,0,0,0,0.129533679,0,0,0.660621762,0,0,0.075129534,0,0.023316062,0,0,0,0,0,0,0.023316062,0,0,0,0,0.121761658,0.012953368,0.39119171,0,0.64507772,0,0.650259067,0,0,0,0.088082902,0,0,0.541450777,0,0.329015544,0,0,0.616580311,0,0.347150259,0,0,0.437823834,0,0.025906736,0,0.233160622,0,0,0,0,0,0,0,0,0,0,0,0,0,0,0,0,0.950777202,0,0,0.028497409,0,0,0,0,0,0,0,0,0.038860104,0,0,0,0,0,0,0,0,0.007772021,0,0.023316062,0,0.015544041,0.007772021,0,0,0,0.020725389,0,0,0,0,0,0,0,0,0,0,0,0.012953368,0.025906736,0,0,0,0,0,0,0,0,0,0.010362694,0,0,0,0.069948187,0,0,0,0,0.10880829,0,0,0,0.829015544,0,0,0,0,0.007772021,0.007772021,0,0,0,0,0,0,0.010362694,0,0,0.028497409,0.010362694,0,0,0,0,0,0,0,0,0,0,0,0,0,0,0,0,0,0,0,0,0,0.018134715,0,0,0,0,0.189119171,0.308290155,0.067357513,0.059585492,0.559585492,0,0,0,0,0.093264249,0.341968912,0,0.362694301,0.67357513,0,0,0.018134715,0.028497409,0,0,0,0.049222798,0,0,0,0,0,0,0,0.207253886,0,0,0.349740933,0,0.075129534,0,0.321243523,0,0,0,0,0,0,0,0,0.025906736,0.064766839,0.049222798,0.194300518,0,0,0.03626943,0,0.049222798,0,0,0.020725389
"13",0,0,0.010416667,0,0,0,0,0.020833333,0,0,0,0,0,0,0,0,0,0.010416667,0,0.010416667,0,0.041666667,0,0,0.677083333,0.010416667,0,0,0,0,0,0.010416667,0,0.552083333,0,1.072916667,0,0,0,0,0,0,0,0,0,0,0,0,0,0.802083333,0,0,0,0,0.21875,0.010416667,0,0,0,0,0,0,0,0,0,0,0,0,0,0,0,0,0,0.354166667,0,0,0,0,0,0,0,0.375,0,0,0,0,0,0,0,0,0,0,0,0,0,0,0,0,0,0,0,0,0,0.520833333,0,0,0.135416667,0,0,0,0,0,0,0.020833333,0,0,0,0.010416667,0,0.010416667,0,0,0,0,0,0,0,0,0,0,0.010416667,0,0,0,0,0,0.302083333,0.3125,0,0,0.479166667,0,0,0,0,0,0,0,0,0,0,0,0,0,0,0,0,0,0,0,0,0,0,0,0,0,0,0,0,0,0,0,0,0,0,0,0,0,0,0,0,0.4375,0,0,0,0.260416667,0.010416667,0,0,0,0,0,0,0,0,0.614583333,0.041666667,0.010416667,0.854166667,0,0,0,0,0,0,0,0,0,0,0,0,0,0,0,0,0,0,0,0,0,0,0.864583333,0,0,0,0,0,0,0,0,0,0,0.041666667,0.708333333,0.395833333,0,0,0,0.010416667,0,0.020833333,0
"14",0.016359918,0,0.006134969,0,0,0,0,0.00204499,0.00204499,0,0,0.030674847,0,0.00204499,0,0,0,0.008179959,0,0.044989775,0,0,0,0,0.605316973,0.036809816,0.008179959,0,0,0,0,0.00408998,0,0.063394683,0,1.016359918,0,0,0,0,0,0,0,0,0,0,0,0,0.00204499,0.744376278,0,0,0,0.00408998,0.750511247,0.00408998,0.00204499,0,0.00204499,0.00204499,0,0,0,0,0,0,0,0,0.071574642,0,0,0,0,0,0,0,0,0,0,0,0.439672802,0.042944785,0,0,0,0,0,0,0,0,0,0,0,0,0,0,0,0.010224949,0.00204499,0,0,0,0,0,0,0.044989775,0,0,0,0,0,0.00204499,0,0.016359918,0,0,0,0,0,0.288343558,0,0,0,0,0,0,0,0,0,0,0,0,0,0,0,0,0,0.028629857,0,0,0,0,0,0,0,0,0,0,0,0,0.042944785,0.00408998,0,0.00204499,0,0,0,0,0,0,0,0,0,0,0,0,0.00408998,0,0,0,0,0,0,0,0,0,0,0.00204499,0,0,0,0,0,0,0,0.683026585,0.008179959,0,0.006134969,0,0,0,0,0,0,0,0.044989775,0,0.803680982,0,0,0.008179959,0.82208589,0,0,0,0,0,0,0.006134969,0,0,0.333333333,0.408997955,0,0.00408998,0,0.00204499,0,0.00204499,0,0.834355828,0,0,0,0,0,0,0,0,0.006134969,0,0.302658487,0.666666667,0,0,0.014314928,0.437627812,0,0,0,0
"16",0,0,0.267080745,0,0,0,0,0,0,0,0,0.02484472,0,0,0,0,0,0.01863354,0,0.534161491,0,0,0,0,0,0,0,0,0,0,0,0,0,0.298136646,0.00621118,1.02484472,0,0,0.01242236,0,0.00621118,0,0,0,0,0,0,0.00621118,0,0.608695652,0,0,0,0,0.099378882,0,0.01242236,0,0,0,0,0,0,0,0,0,0,0,0,0,0,0,0,0,0,0,0,0,0,0,0,0,0,0,0,0,0,0,0,0,0,0,0,0,0,0,0.00621118,0.00621118,0,0,0,0,0,0,0,0,0,0,0,0,0,0,0,0.01242236,0,0,0,0.01242236,0.00621118,0,0,0,0,0,0,0,0,0,0.01242236,0,0,0,0,0,0,0,0,0.118012422,0,0,0,0,0,0,0,0,0,0,0,0,0.00621118,0,0,0,0,0.00621118,0,0,0,0,0,0,0,0,0,0,0,0,0,0,0,0,0,0.142857143,0,0.00621118,0,0,0,0,0,0,0,0,0,0.111801242,0.01863354,0.00621118,0.00621118,0,0,0,0,0,0.267080745,0.527950311,0,0.00621118,0.708074534,0.01863354,0.00621118,0,0,0,0.01242236,0,0.273291925,0,0,0,0,0,0,0,0,0,0,0.00621118,0.00621118,0,0,0.465838509,0,0,0,0,0,0,0,0,0.01242236,0.00621118,0.031055901,0,0,0,0,0.00621118,0.00621118,0,0,0
"19",0,0,0.35546875,0,0,0,0,0.029296875,0,0,0,0.59375,0,0,0,0,0,0.15234375,0.99609375,0,0,0,0,0,0,0,0,0,0.00390625,0,0,0.0390625,0,0.115234375,0,1.021484375,0,0,0.734375,0,0,0,0,0,0.11328125,0,0,0,0,1,0,0,0,0,0.62890625,0,0,0,0.080078125,0.357421875,0,0,0,0,0,0,0,0,0,0.00390625,0.001953125,0,0,0,0,0,0,0,0,0,0,0,0,0,0,0,0,0.009765625,0,0,0,0.037109375,0.00390625,0,0,0,0.056640625,0,0,0,0,0.00390625,0,0,0,0.056640625,0,0,0,0,0,0,0,0.193359375,0,0,0,0,0.056640625,0,0,0,0,0,0,0,0,0,0.005859375,0,0,0,0.00390625,0,0,0,0,0,0,0,0,0,0,0,0,0,0,0,0,0,0,0,0,0,0,0,0,0.015625,0,0,0,0,0,0,0,0,0,0,0,0,0,0,0,0,0.0078125,0,0,0,0,0,0,0,0,0,0,0.724609375,0.009765625,0,0,0.00390625,0,0,0,0.001953125,0.00390625,0.185546875,0.005859375,0,0.869140625,0.541015625,0,0,0,0,0,0,0.021484375,0,0,0,0,0,0.0078125,0,0,0,0,0,0,0,0.0078125,0.88671875,0,0,0,0,0,0,0,0,0,0.005859375,0.0546875,0,0,0,0,0,0.087890625,0,0,0
"24",0,0,0.051162791,0,0,0,0,0,0,0,0,0.037209302,0.404651163,0,0,0,0,0,0.004651163,0.879069767,0,0,0,0,0,0,0.004651163,0,0,0,0,0.004651163,0,0.762790698,0,1.009302326,0,0,0.753488372,0,0,0,0.334883721,0,0.744186047,0,0,0,0,0.869767442,0,0,0,0,0.795348837,0,0,0,0,0.004651163,0,0,0,0,0,0,0.409302326,0,0,0,0,0,0,0,0,0,0,0,0,0,0,0,0,0,0.525581395,0.465116279,0,0,0.004651163,0,0,0,0,0,0.544186047,0,0.004651163,0,0,0.36744186,0,0,0,0,0,0.413953488,0,0,0,0.004651163,0,0,0,0,0,0,0,0,0,0,0,0,0,0,0,0,0,0,0,0.390697674,0,0,0,0,0.037209302,0,0,0.009302326,0,0,0,0,0,0.297674419,0,0,0,0,0,0,0.48372093,0,0.376744186,0,0,0,0,0,0,0,0,0,0,0,0,0,0,0,0,0,0,0,0.334883721,0.36744186,0.004651163,0,0,0.176744186,0,0.381395349,0,0,0,0,0.339534884,0.027906977,0.404651163,0.409302326,0,0,0,0,0,0.013953488,0,0.120930233,0.176744186,0.004651163,0.553488372,0,0,0,0,0,0,0.004651163,0,0,0,0,0,0.013953488,0,0.046511628,0.004651163,0,0,0,0,0.004651163,0,0.96744186,0,0,0.353488372,0.372093023,0.48372093,0.493023256,0,0.009302326,0,0,0.013953488,0,0,0,0.460465116,0,0,0,0.386046512,0
"25",0,0,0.3,0,0,0,0,0,0,0,0,0.508333333,0,0.008333333,0,0,0,0.708333333,0,0,0,0,0,0,0,0,0,0,0,0,0,0,0,0,0,1.033333333,0,0,0.75,0,0,0,0,0,0.716666667,0,0,0,0,0.908333333,0,0,0,0,1,0,0,0,0,0,0,0,0,0,0,0,0,0,0.016666667,0,0,0,0,0,0,0,0,0,0,0,0,0,0,0,0,0,0,0,0,0,0,0,0,0,0,0,0,0,0,0,0,0,0.35,0,0,0,0,0,0,0,0,0,0.433333333,0.216666667,0,0,0,0.016666667,0,0,0,0,0,0,0,0.008333333,0,0,0.033333333,0.175,0,0,0,0,0,0,0,0,0,0,0,0,0,0,0,0.358333333,0,0,0,0,0,0.016666667,0,0,0,0,0,0,0,0,0,0,0,0,0,0,0,0,0,0,0,0,0,0,0.008333333,0,0.016666667,0,0,0,0,0,0,0.008333333,0,0.075,0,0,0,0,0,0,0.458333333,0.016666667,0,0,0.008333333,0,0.991666667,0,0,0,0,0,0,0,0.916666667,0,0,0,0,0,0,0,0,0,0,0,0,0,0,0.991666667,0,0,0,0,0,0,0,0,0.016666667,0.025,0.008333333,0,0,0,0.025,0,0,0,0,0
"27",0,0,0.093333333,0,0,0,0,0.048888889,0,0,0.013333333,0.057777778,0,0.048888889,0.008888889,0,0,0.342222222,0,0.288888889,0,0,0,0.008888889,0,0.031111111,0,0,0,0,0,0.008888889,0,0.333333333,0,1,0,0,0.591111111,0,0,0,0,0,0.444444444,0,0,0,0,0.871111111,0,0,0,0,0.742222222,0,0.008888889,0,0.013333333,0.008888889,0,0,0,0,0,0.017777778,0,0,0,0,0,0,0,0,0,0,0,0,0.031111111,0,0,0,0,0,0,0,0,0,0.026666667,0,0.008888889,0,0,0,0,0,0,0,0,0,0.013333333,0,0,0,0,0.022222222,0.013333333,0,0,0,0,0,0,0,0,0,0,0.044444444,0,0.026666667,0,0,0.044444444,0,0,0,0,0,0.008888889,0,0,0,0,0,0,0,0,0,0,0,0,0,0,0,0.057777778,0,0,0,0,0,0,0,0,0.017777778,0.026666667,0,0,0.048888889,0,0,0,0,0,0,0.08,0.008888889,0,0,0,0,0,0,0,0,0.013333333,0,0,0,0.04,0,0.008888889,0,0,0,0,0.444444444,0.048888889,0,0.115555556,0.008888889,0,0,0,0.022222222,0.075555556,0.066666667,0.164444444,0,0.906666667,0.088888889,0,0,0,0,0,0,0.008888889,0,0,0,0,0,0,0,0,0,0,0,0,0.022222222,0,0.862222222,0,0,0,0,0,0,0,0,0.035555556,0.031111111,0.057777778,0,0,0,0.044444444,0,0,0,0.04,0
"28",0,0.910714286,0.9375,0.910714286,0,0.946428571,0.946428571,0,0,0,0,1.660714286,0,0,0,0,0,0,0,0,0,0,0,0,0,0,0,0,0,0,0,1,0,0,0,1,0,0,1,0,0,0,0,0,0.982142857,0,0,0,0,0,1.017857143,0,0,0.910714286,0,0.901785714,0.910714286,0,0.017857143,0,0,0.910714286,0.946428571,0,0.910714286,0.910714286,0,0.910714286,0,0,0,0,0,0,0,0,0,0,0,0,0,0,0,0.910714286,0,0,0,0,0,0,0.946428571,0,0,0,0,0,0,0,0,0,0,0,0,0,0,0,0,0,0,0,0.910714286,0,0,0.946428571,0.910714286,0,0.910714286,0,0.151785714,0,0,0,0,0.946428571,0.946428571,0,0,0,0,0,0.910714286,0.910714286,0,0.901785714,0,0,0,0.901785714,0,0.008928571,0,0,0,0,0,0,0,0,0,0,0,0,0,0,0,0.910714286,0,0,0,0.910714286,0,0,0,0,0,0.8125,0,0.910714286,0,0.910714286,0,0,0,0,0.910714286,0,0.892857143,0,0,0,0,0,0,0,0,0,0,0,0,0,0,1,0,0,1,0,0,0,1,0,0,0,0,1.892857143,0,0,1,0,0,0,0.910714286,0,0,0,0,0,0,0,0,0,0,0,0,0,0,0,0,0,0,0,0,0,0,0,0,0,0,0,0,0,0,0
"68",0,0.693969397,0.9549955,0.702070207,0,0.722772277,0.724572457,0,0,0,0,1.789378938,0,0,0,0,0,0.03330333,0,0,0,0,0,0,0,0.00090009,0,0,0,0,0,0.650765077,0,0,0,1.01170117,0,0,0.650765077,0,0,0,0,0,0.669666967,0,0,0,0,0,1.00360036,0,0,0.700270027,0,0.779477948,0.726372637,0,0.582358236,0,0,0.702970297,0.95679568,0,0.702970297,0.709270927,0,0.697569757,0,0,0,0,0,0,0,0,0,0,0,0,0,0,0,0.695769577,0,0,0,0,0,0,0.96309631,0,0,0,0,0,0,0,0,0,0,0,0,0,0.409540954,0,0,0,0,0,0.656165617,0,0,0.915391539,0.704770477,0,0.693969397,0.00180018,0.718271827,0,0,0,0,0.96759676,0.928892889,0,0,0,0,0,0.702970297,0.693069307,0,0.708370837,0,0,0,0.687668767,0,0.541854185,0,0,0,0,0,0,0,0,0,0,0,0,0,0,0,0.714671467,0,0,0,0.700270027,0,0,0,0,0,0.548154815,0,0.725472547,0,0.694869487,0,0,0,0,0.713771377,0,0.670567057,0,0,0,0,0,0,0,0,0,0.00180018,0.00090009,0.00090009,0.00090009,0,0.635463546,0,0,1.00090009,0,0,0,1.01170117,0,0,0,0,1.667866787,0,0,0.99729973,0,0,0,0.727272727,0,0,0,0,0,0,0,0,0,0,0.00180018,0,0,0,0,0,0,0,0,0,0,0,0,0,0,0.00090009,0,0,0,0,0
"82",0,0,0.06132879,0,0,0,0,0.035775128,0,0,0,0.056218058,0.010221465,0.064735945,0,0,0,0,0,0,0.136286201,0.015332198,0.008517888,0.097103918,0,0,0.015332198,0,0.137989779,0.32879046,0.037478705,0.011925043,0.090289608,0.098807496,0,0,0,0,0,0.017035775,0.008517888,0.008517888,0,0,0,0.010221465,0.02044293,0.025553663,0,0.057921635,0,0.00681431,0.085178876,0,0.144804089,0,0.011925043,0,0,0,0.008517888,0.010221465,0,0,0,0,0,0,0,0,0,0,0,0,0,0,0,0,0.015332198,0,0,0,0,0,0,0,0,0.018739353,0,0,0.011925043,0,0,0,0,0,0,0,0.01362862,0.008517888,0,0,0,0,0,0.037478705,0,0,0,0,0,0,0,0,0,0,0,0.015332198,0,0,0,0,0,0.011925043,0.011925043,0,0,0,0,0,0,0,0,0,0.028960818,0,0,0.011925043,0,0,0,0,0,0,0.008517888,0,0.008517888,0,0,0,0,0,0,0,0.011925043,0,0,0.023850085,0,0,0,0,0,0,0,0.02725724,0,0,0,0,0,0,0,0,0,0,0,0,0,0,0,0,0,0.059625213,0,0.238500852,0.511073254,0,0.103918228,0.022146508,0.02044293,0,0,0,0.059625213,0.310051107,0.122657581,0.994889267,0.168654174,0.614991482,0.008517888,0.090289608,0,0,0.011925043,0.304940375,0,0,0,0.02044293,0,0.015332198,0,0,0.596252129,0,0.010221465,0.483816014,0.357751278,0.030664395,0.417376491,0.805792164,0,0,0,0,0,0,0,0.02725724,0.01362862,0.042589438,0.059625213,0,0.051107325,0,0.045996593,0,0,0.110732538,0,0.01362862
"85",0,0,0.183783784,0,0,0,0,0,0,0,0,0.086486486,0,0.010810811,0,0,0.810810811,0,0,0,0,0,0,0.064864865,0,0,0.005405405,0,0,0,0,0,0,0,0,0,0,0,0,0,0,0.010810811,0,0.027027027,0,0,0.016216216,0,0,0,0,0.016216216,0.140540541,0,0.021621622,0,0,0,0,0.021621622,0,0,0,0,0,0,0,0,0,0,0,0,0,0,0,0,0,0,0,0,0,0,0,0,0.010810811,0,0,0,0,0,0,0,0,0,0,0,0,0,0,0,0.005405405,0,0,0,0,0.027027027,0.021621622,0,0,0.005405405,0,0,0,0.010810811,0,0,0,0.027027027,0,0,0,0,0.005405405,0.005405405,0,0,0,0,0,0,0,0,0.021621622,0,0.010810811,0,0,0,0.567567568,0,0,0,0,0,0,0,0,0,0,0,0,0,0,0,0,0,0,0.021621622,0,0,0,0,0.010810811,0,0,0,0,0,0,0,0,0,0,0,0.010810811,0,0,0,0,0,0.005405405,0,0,0,0,0,0.897297297,0.005405405,0.594594595,0.048648649,0.864864865,0,0,0,0.816216216,0.221621622,0,0.135135135,0,0.048648649,0,0,0,0,0.010810811,0,0,0.005405405,0,0,0,0,0,0,0,0.767567568,0,0.875675676,0.027027027,0,0.102702703,0.032432432,0,0,0,0,0,0,0.010810811,0,0,0.005405405,0.010810811,0,0,0,0.048648649,0,0,0,0,0
"86",0,0,0.141643059,0,0,0,0,0.042492918,0,0,0,0.141643059,0.084985836,0.121813031,0,0,0.039660057,0,0,0,0.019830028,0,0,0.150141643,0,0,0.02266289,0,0.033994334,0.025495751,0.045325779,0.07082153,0.062322946,0.130311615,0,0,0,0,0,0.014164306,0.011331445,0.300283286,0,0,0,0,0.484419263,0.014164306,0,0,0,0.42776204,0.02266289,0,0.351274788,0,0,0,0,0,0,0,0,0,0,0,0,0,0,0,0,0,0,0,0,0,0,0,0.014164306,0,0,0,0,0,0.025495751,0,0,0,0.053824363,0,0,0,0,0,0,0,0.033994334,0,0,0,0,0,0,0,0,0.016997167,0,0,0,0,0,0,0,0.031161473,0,0,0,0.025495751,0,0.028328612,0,0,0,0,0,0,0,0.053824363,0,0,0,0,0.028328612,0,0,0,0,0,0,0,0,0,0,0,0,0,0,0,0,0,0.067988669,0,0.09631728,0,0,0,0,0.016997167,0,0,0,0,0,0,0,0,0,0,0.031161473,0,0,0,0,0,0.110481586,0.019830028,0.065155807,0.04815864,0,0,0.014164306,0,0,0,0,0.407932011,0.365439093,0.028328612,0.079320113,0,0.093484419,0,0,0.016997167,0,0.424929178,0.399433428,0.917847025,0.424929178,0.113314448,0.059490085,0.099150142,0.11898017,0,0.09631728,0.186968839,0,0,0,0.30878187,0,0,0,0,0.076487252,0,0,0.02266289,0.025495751,0.042492918,0.099150142,0.818696884,0,0.014164306,0,0,0,0,0.019830028,0,0.121813031,0.050991501,0.093484419,0,0,0,0.042492918,0,0.028328612,0.042492918,0,0.130311615
"91",0,0,0.030927835,0,0.010309278,0,0,0.051546392,0,0.010309278,0.010309278,0.020618557,0,0.103092784,0,0,0,0,0,0,0.030927835,0,0,0.412371134,0,0.474226804,0.329896907,0,0.082474227,0.494845361,0,0,0.030927835,0.030927835,0,0,0,0,0,0.030927835,0.113402062,0.020618557,0,0.360824742,0,0,0.082474227,0.020618557,0.350515464,0,0,0.154639175,0,0,0.257731959,0,0,0,0,0,0,0,0,0,0,0,0,0,0,0,0,0,0.340206186,0,0,0,0.329896907,0,0.010309278,0.329896907,0,0,0,0,0,0,0,0,0,0,0,0.020618557,0,0.329896907,0,0,0,0,0,0,0,0,0,0,0,0,0,0,0.340206186,0.340206186,0,0,0,0,0,0,0,0.360824742,0,0,0,0,0,0.18556701,0.010309278,0.010309278,0,0.360824742,0,0,0,0,0,0,0.216494845,0,0,0.010309278,0,0,0,0,0,0,0,0,0,0,0,0,0,0,0,0,0,0,0,0,0,0,0,0.340206186,0,0,0,0,0,0,0,0,0,0,0,0,0,0.020618557,0.443298969,0,0,0.010309278,0,0,0,0,0,0.06185567,0.195876289,0,0.103092784,0.06185567,0.020618557,0,0,0,0,0.515463918,0.092783505,1.010309278,0.742268041,0.12371134,0.18556701,0,0.371134021,0,0.257731959,0.030927835,0,0,0,0,0,0,0,0,0.494845361,0,0,0.783505155,0,0,0.041237113,0.896907216,0,0.360824742,0,0,0,0,0,0,0,0,0.010309278,0,0.164948454,0,0,0,0,0.010309278,0,0
"105",0,0,0.224390244,0,0.458536585,0,0,0,0.47804878,0,0.375609756,0.141463415,0,0,0,0,0,0.824390244,0,0,0,0,0,0,0,0,0,0,0,0,0,0,0,0,0,1.004878049,0,0,0.824390244,0,0,0,0,0,0.814634146,0,0,0,0,0.936585366,0,0,0,0.024390244,1,0,0,0,0.004878049,0,0.4,0,0,0,0,0,0,0,0.409756098,0,0.624390244,0,0,0,0,0,0,0.429268293,0.004878049,0,0,0,0,0,0,0,0,0,0,0,0,0,0,0,0,0,0.356097561,0,0,0,0,0,0,0,0,0,0,0,0,0,0,0,0,0.43902439,0,0.463414634,0,0.004878049,0,0,0,0,0.829268293,0,0,0,0,0,0,0,0,0,0,0,0,0,0,0.068292683,0,0,0,0,0.385365854,0.370731707,0.009756098,0,0,0,0,0,0,0,0,0,0,0,0.429268293,0,0,0,0,0,0,0,0,0,0.004878049,0,0,0,0,0,0,0,0,0.687804878,0,0,0.009756098,0,0,0,0.414634146,0,0,0.995121951,0,0.004878049,0,0,0,0,0,0,0,0,0,0,1,0,0,0,0,0,0,0,0.004878049,0,0,0,0,0,0,0,0,0,0,0,0,0,0,1,0,0,0,0,0,0,0,0,0,0.004878049,0.024390244,0,0,0,0,0,0,0,0,0
"115",0,0,0.115979381,0,0,0,0,0.010309278,0,0,0,0.092783505,0,0.007731959,0,0,0,0,0,0,0.043814433,0,0,0.239690722,0,0.219072165,0,0,0.020618557,0.090206186,0.007731959,0.020618557,0,0.095360825,0,0,0,0,0,0,0.023195876,0.012886598,0,0.010309278,0,0.007731959,0.012886598,0.023195876,0,0.015463918,0,0.041237113,0.440721649,0,0.25,0,0.018041237,0,0,0,0,0,0,0,0,0,0,0,0,0,0,0,0,0,0,0,0,0,0.048969072,0,0,0,0,0,0,0,0,0.018041237,0,0,0.012886598,0,0,0,0,0,0,0.007731959,0,0,0,0,0,0,0,0.028350515,0,0,0.012886598,0,0.007731959,0,0,0,0,0,0,0,0,0.010309278,0,0,0,0.012886598,0,0,0,0,0,0,0,0,0.010309278,0,0.007731959,0,0,0,0,0,0,0.007731959,0,0,0.007731959,0,0,0,0,0,0,0,0,0,0.012886598,0,0,0.018041237,0,0,0,0,0,0,0,0.012886598,0,0,0.020618557,0,0,0,0,0,0,0,0,0,0,0,0,0,0,0.010309278,0,0.350515464,0.420103093,0,0.180412371,0,0,0,0,0,0.030927835,0.469072165,0.24742268,1.025773196,0.487113402,0.288659794,0,0.038659794,0,0,0,0.079896907,0,0,0,0,0,0,0,0,0.195876289,0,0,0.237113402,0,0.028350515,0.371134021,0.824742268,0,0,0,0,0,0,0.038659794,0.033505155,0.007731959,0.007731959,0.036082474,0.012886598,0,0,0.074742268,0,0.010309278,0.020618557,0,0
"117",0.633466135,0,0.087649402,0,0,0,0,0.003984064,0,0,0,0.438247012,0,0.003984064,0,0,0,0.019920319,0,0.884462151,0,0,0,0,0,0.003984064,0,0,0,0,0,0.007968127,0,0.039840637,0,1.019920319,0,0,0,0,0,0,0,0,0,0,0,0,0,0.701195219,0,0,0,0,0.709163347,0,0.003984064,0,0,0,0.003984064,0,0,0.306772908,0,0,0,0,0,0,0,0.470119522,0,0,0,0,0,0,0.003984064,0,0,0,0,0,0,0,0,0,0,0,0,0,0,0,0,0,0,0,0,0,0.450199203,0,0,0,0,0.039840637,0,0,0,0,0,0,0,0,0,0,0,0,0,0,0,0,0,0,0,0,0,0,0.521912351,0,0,0,0,0,0,0,0,0,0,0,0,0,0,0,0.007968127,0,0,0,0,0,0,0.446215139,0,0,0,0,0,0.003984064,0.003984064,0,0,0,0,0,0.458167331,0,0.418326693,0,0.446215139,0,0.505976096,0.486055777,0,0,0,0,0,0.338645418,0,0,0,0,0,0,0,0.709163347,0.003984064,0,0,0,0,0,0,0,0.003984064,0,0,0,0.764940239,0,0,0,0,0,0,0,0,0,0,0,0,0,0.003984064,0,0,0,0,0,0,0,0,0.768924303,0,0,0,0,0,0,0,0,0,0.996015936,0.015936255,0,0,0,0.015936255,0.007968127,0,0,0,0
"118",0,0,0.174089069,0,0,0,0,0,0,0,0,0.117408907,0,0.024291498,0,0,0,0,0,0,0.352226721,0,0,0.238866397,0,0,0.016194332,0,0,0,0,0.153846154,0.449392713,0.117408907,0,0,0,0,0,0,0.109311741,0,0,0,0,0,0.076923077,0.125506073,0,0,0,0,0,0,0.526315789,0,0,0,0.008097166,0,0,0,0,0,0,0.024291498,0,0,0,0,0,0,0,0.008097166,0,0,0,0,0.008097166,0,0.036437247,0,0,0,0,0.028340081,0,0.048582996,0,0,0,0,0,0,0,0,0,0,0,0,0,0,0,0,0,0.032388664,0,0,0,0,0,0,0,0,0,0,0,0,0,0,0,0,0,0,0,0,0,0,0.016194332,0,0,0,0,0,0,0,0,0,0,0,0,0.060728745,0,0,0,0,0,0,0,0,0,0,0,0,0,0,0,0,0,0,0,0,0.008097166,0,0,0.008097166,0,0,0,0,0,0,0,0,0,0,0,0,0,0,0,0,0,0.384615385,0,0.384615385,0.506072874,0,0.024291498,0.036437247,0,0,0,0,0.044534413,0.230769231,0.425101215,1.028340081,0.360323887,0.044534413,0.615384615,0,0,0,0,0.101214575,0,0,0,0,0,0.060728745,0,0,0,0,0,0,0,0.016194332,0.028340081,0.356275304,0,0,0,0,0,0,0,0.028340081,0,0.08097166,0,0,0,0,0.012145749,0,0.012145749,0.12145749,0,0
"119",0,0,0.066666667,0,0,0,0,0,0.022222222,0,0,0.044444444,0,0.044444444,0,0,0,0,0,0,0,0,0,0,0,0,0,0,0.255555556,0,0.388888889,0,0,0,0,0,0,0,0,0,0,0,0,0,0,0,0,0,0,0,0,0,0,0,0,0,0,0,0,0.022222222,0,0,0,0,0,0,0,0,0,0,0,0,0,0,0,0,0,0,0,0,0,0,0,0,0,0.077777778,0,0,0,0,0,0,0,0,0,0,0,0,0,0,0,0,0,0,0,0,0,0,0,0,0,0,0,0,0,0,0,0,0,0,0,0,0,0,0,0,0,0,0,0,0,0,0,0,0,0,0,0,0,0,0,0,0,0,0,0,0,0,0,0,0,0,0,0,0,0,0,0,0,0,0,0,0,0,0,0,0,0,0,0,0,0,0,0,0,0,0,0,0,0,0.022222222,0,0,0,0,0,0.422222222,0,0,0,0,0,0,0,0.055555556,0,0,0.988888889,0.5,0.244444444,0,0.011111111,0,0,0,0,0,0,0,0,0,0.444444444,0,0,0.988888889,0,0.344444444,0.9,0.877777778,0,0.3,0.866666667,0,0,0,0,0,0,0,0,0,0,0,0,0,0,0,0,0,0.444444444,0,0
"127",0,0,0.144638404,0,0,0,0,0,0.087281796,0,0,0.167082294,0,0.017456359,0,0,0,0,0,0.817955112,0,0,0,0,0,0,0.027431421,0,0,0,0,0,0,0.054862843,0,1.004987531,0,0,0.790523691,0,0,0,0,0.002493766,0.770573566,0,0,0,0,0.972568579,0,0,0.047381546,0,0.496259352,0.004987531,0.004987531,0,0.002493766,0,0.042394015,0,0,0,0,0,0,0,0,0,0,0,0.004987531,0,0,0,0,0,0,0,0,0,0,0,0,0.047381546,0,0,0,0,0,0,0,0,0,0,0,0,0,0,0,0,0,0,0,0.042394015,0,0,0,0,0,0,0,0.039900249,0,0,0,0.019950125,0,0,0,0,0,0,0,0,0,0,0,0,0,0,0.324189526,0,0,0,0,0,0,0,0,0,0,0,0,0,0,0,0,0,0,0,0,0,0.002493766,0,0.004987531,0.004987531,0,0,0,0,0,0,0.029925187,0,0,0,0,0,0,0,0,0,0.009975062,0.044887781,0,0,0,0,0,0,0,0.004987531,0,0.139650873,0.034912718,0.017456359,0.02244389,0.004987531,0,0,0,0,0.244389027,0.406483791,0.738154613,0.002493766,0.925187032,0.002493766,0,0,0.047381546,0,0,0,0.014962594,0.004987531,0,0,0,0,0,0,0,0,0,0,0.004987531,0.017456359,0.054862843,0.720698254,0,0,0,0,0,0,0,0.052369077,0.042394015,0.004987531,0.06234414,0,0,0,0,0,0,0,0,0
"131",0,0,0.071232877,0,0,0,0,0.008219178,0,0,0,0.060273973,0,0,0,0,0,0.838356164,0,0,0,0,0,0.008219178,0,0.005479452,0,0,0,0,0,0.008219178,0,0,0,1.01369863,0.008219178,0,0.720547945,0,0,0,0,0,0.64109589,0,0,0,0,0.912328767,0,0,0,0,0.498630137,0.005479452,0,0,0,0.016438356,0,0,0,0,0,0,0,0,0,0,0,0,0,0,0,0,0,0,0,0,0,0,0,0,0.005479452,0,0,0.010958904,0,0,0,0,0,0,0,0,0.016438356,0.005479452,0,0,0,0.010958904,0,0,0,0,0,0.326027397,0,0,0,0,0,0.010958904,0,0,0,0.030136986,0.005479452,0,0,0,0,0.005479452,0,0,0,0,0,0,0,0,0.021917808,0,0,0,0,0.016438356,0,0,0,0.005479452,0,0,0.01369863,0,0,0,0,0,0,0,0,0,0.005479452,0,0,0,0.016438356,0,0,0,0,0.367123288,0,0,0,0,0,0,0,0,0,0,0.024657534,0,0.005479452,0,0.008219178,0,0,0,0,0,0,0.879452055,0,0.008219178,0.405479452,0,0,0,0,0,0,0.079452055,0.024657534,0,0.989041096,0.005479452,0,0,0,0,0,0,0.084931507,0,0,0,0,0,0,0.005479452,0,0,0,0,0,0,0,0.991780822,0,0,0,0,0,0,0,0,0.153424658,0.008219178,0.068493151,0,0,0,0.506849315,0,0,0,0,0
"132",0.026119403,0,0.134328358,0,0,0,0,0,0,0,0.016791045,0.078358209,0,0.009328358,0,0,0,0,0,0,0.014925373,0,0,0.02238806,0,0.014925373,0,0,0.606343284,0.718283582,0,0,0,0,0,0,0,0,0,0,0,0,0,0,0.037313433,0,0,0,0.082089552,0,0,0,0,0.037313433,0.037313433,0.014925373,0.029850746,0,0,0,0,0,0,0,0,0,0,0,0,0,0,0,0,0,0,0,0,0,0,0,0,0,0,0,0,0,0,0,0,0,0.009328358,0.016791045,0,0,0,0,0.009328358,0,0,0,0.029850746,0,0,0,0.01119403,0.014925373,0,0.024253731,0,0,0,0.01119403,0,0.014925373,0,0,0,0,0,0.026119403,0,0,0.009328358,0.013059701,0.01119403,0,0,0,0.014925373,0,0,0,0.026119403,0,0.02238806,0,0,0,0,0,0,0,0,0,0,0,0,0,0,0,0,0,0,0.014925373,0.024253731,0,0,0.009328358,0.007462687,0,0,0,0.074626866,0,0,0.014925373,0,0,0.044776119,0.01119403,0,0,0,0,0.009328358,0,0,0.016791045,0.020522388,0,0,0,0,0,0,0.01119403,0.684701493,0,0,0.156716418,0.78358209,0,0,0,0.098880597,0.055970149,0,0.236940299,0.311567164,0.695895522,0,0.016791045,0,0,0.020522388,0,0,0,0,0.014925373,0,0,0,0,0.917910448,0,0,0.957089552,0.861940299,0.014925373,0.779850746,0.748134328,0,0,0,0,0,0,0.014925373,0.34141791,0,0.013059701,0.031716418,0,0,0.481343284,0.048507463,0,0.024253731,0.024253731,0.013059701,0.009328358
"136",0,0,0.271582734,0,0,0,0,0.014388489,0,0.017985612,0,0.057553957,0,0.005395683,0,0,0,0.800359712,0,0,0,0,0,0,0,0.014388489,0,0,0,0,0,0.005395683,0,0.007194245,0,1.005395683,0,0,0.926258993,0,0,0,0,0,0.784172662,0,0,0,0,0.883093525,0,0,0,0,0.958633094,0,0,0,0,0,0,0,0,0,0,0,0,0,0.089928058,0,0,0,0,0,0,0,0,0,0.01618705,0,0,0,0,0,0,0.003597122,0,0,0.370503597,0,0.239208633,0,0,0,0,0,0.014388489,0.223021583,0,0,0,0.003597122,0,0,0,0,0,0.005395683,0,0,0,0,0,0.025179856,0,0,0,0.007194245,0.097122302,0.003597122,0,0,0,0,0,0,0,0.005395683,0,0,0,0,0.007194245,0,0.003597122,0,0,0,0,0,0,0,0,0.23381295,0.005395683,0,0,0,0,0,0,0,0,0.012589928,0,0.005395683,0,0.104316547,0.008992806,0,0,0,0,0,0,0,0,0,0,0,0,0,0,0.003597122,0,0,0,0,0,0,0,0,0.010791367,0,0,0.838129496,0,0,0.012589928,0,0,0,0,0.007194245,0,0.037769784,0.023381295,0.012589928,1.001798561,0.007194245,0,0,0,0,0,0,0.133093525,0.01618705,0.014388489,0,0,0,0,0,0,0,0,0,0,0.201438849,0,1,0,0,0,0,0,0,0,0,0.019784173,0.044964029,0.035971223,0,0,0,0.007194245,0,0.330935252,0,0,0
"138",0.014423077,0.134615385,0.100961538,0,0,0,0,0,0,0,0,0.038461538,0,0.004807692,0,0.966346154,0,0.019230769,0,0.004807692,0,0,0,0,0,0,0,0.076923077,0,0,0,0.038461538,0,0.024038462,0,1,0,0,0.932692308,0,0,0,0,0.004807692,0.985576923,0,0.004807692,0,0,0.995192308,0,0,0,0,0.216346154,0.009615385,0,0,0,0,0,0,0,0,0,0,0.009615385,0,0.076923077,0,0,0,0,0,0,0,0,0,0.076923077,0,0,0,0,0,0.014423077,0.033653846,0,0,0,0,0,0.009615385,0,0,0,0,0,0,0,0,0,0,0,0,0,0.019230769,0,0,0,0,0,0,0,0,0,0.009615385,0,0,0,0.134615385,0,0,0.019230769,0.009615385,0,0,0.043269231,0,0,0,0,0,0.120192308,0,0,0,0,0,0,0,0,0,0.024038462,0,0.014423077,0,0,0,0,0,0,0,0,0,0.004807692,0,0.033653846,0,0,0,0,0,0,0,0,0,0,0,0.091346154,0,0,0,0,0,0,0.033653846,0.019230769,0,0.009615385,0,0,0,0,0.009615385,0,0.014423077,0,0,0,0,0,0,0,0,0.668269231,0.740384615,0.961538462,0.009615385,0.990384615,0,0,0,0,0,0,0,0,0,0,0,0,0,0,0,0,0,0,0,0,0,0.096153846,0.326923077,0,0,0,0,0,0,0,0,0.009615385,0.028846154,0.038461538,0,0,0,0,0,0,0,0,0
"145",0,0,0.065333333,0,0,0,0,0.009333333,0,0,0,0.026666667,0,0.065333333,0,0,0,0,0,0,0.216,0,0,0.046666667,0,0,0.008,0,0.045333333,0.069333333,0.017333333,0,0,0.085333333,0,0,0,0,0,0,0.088,0.026666667,0,0.02,0,0,0.044,0.108,0.016,0,0,0.038666667,0.053333333,0,0.22,0,0.006666667,0,0.008,0,0.006666667,0,0,0,0.010666667,0,0,0,0.02,0,0,0.021333333,0,0,0,0,0,0,0.016,0,0,0,0,0,0,0.013333333,0,0,0,0,0.02,0.006666667,0,0,0,0,0.037333333,0,0,0,0,0,0,0,0,0.048,0,0,0,0,0,0,0,0,0,0,0,0,0,0,0,0,0,0,0,0,0,0,0,0.008,0,0,0.014666667,0,0,0,0,0.009333333,0.008,0,0,0,0,0,0,0,0,0,0,0,0,0,0,0,0,0,0,0.012,0,0,0,0,0,0,0,0,0,0,0,0,0,0,0.008,0,0,0.006666667,0,0,0.009333333,0,0,0,0,0.021333333,0,0.12,0.650666667,0.025333333,0.014666667,0.121333333,0,0,0,0,0.105333333,0.062666667,0.036,1.018666667,0.294666667,0.310666667,0.061333333,0.056,0.014666667,0,0.006666667,0.010666667,0,0,0,0,0,0,0,0,0.558666667,0,0,0.74,0.349333333,0.016,0.245333333,0.666666667,0,0,0,0,0,0,0,0.021333333,0.034666667,0.017333333,0.033333333,0.017333333,0,0,0.024,0,0.006666667,0.026666667,0,0.006666667
"152",0,0,0.178247734,0,0,0,0,0.081570997,0,0,0,0.027190332,0,0.009063444,0,0,0,0.558912387,0.090634441,0.009063444,0,0,0,0,0,0.03021148,0,0,0,0,0,0.01510574,0,0.129909366,0,1.009063444,0,0.256797583,0.468277946,0,0,0,0,0,0.688821752,0,0,0,0,0.930513595,0,0,0,0,0.839879154,0,0.01510574,0,0.111782477,0,0,0,0,0,0,0,0,0,0,0,0,0,0,0,0,0,0,0,0,0,0,0,0,0,0.084592145,0.081570997,0,0.039274924,0,0,0,0,0,0,0,0,0,0.009063444,0,0,0,0.01510574,0,0,0.057401813,0,0,0,0,0,0,0,0,0,0,0,0,0,0.018126888,0.01510574,0,0,0.012084592,0,0,0,0,0,0,0,0,0,0.045317221,0,0,0,0,0,0,0.15407855,0,0,0,0,0.084592145,0,0,0,0,0,0,0,0,0,0.021148036,0,0,0,0,0,0,0,0,0,0,0,0,0,0.021148036,0.160120846,0,0,0,0,0.039274924,0,0,0,0,0,0,0,0,0,0,0.504531722,0,0.072507553,0.021148036,0.018126888,0,0,0,0.066465257,0.102719033,0.105740181,0.036253776,0,0.981873112,0,0,0,0,0,0.090634441,0,0.314199396,0,0,0,0,0,0,0,0,0,0,0,0,0,0.009063444,0.864048338,0,0,0,0,0,0,0,0,0.036253776,0.024169184,0.13897281,0,0,0,0.093655589,0,0.009063444,0,0,0
"172",0,0,0,0,0,0,0,0.758064516,0,0.741935484,0,0,0,0,0,0,0,0.911290323,0,0,0,0,0,0,0,0,0,0,0,0,0,0,0,0,0.822580645,1.008064516,0.451612903,0,0,0,0,0,0,0,0,0,0,0,0,1.008064516,0,0,0,0,0.903225806,0,0.008064516,0.814516129,0,0,0,0,0,0,0,0,0,0,0,0.701612903,0,0,0,0,0.806451613,0,0,0,1.193548387,0,0,0,0.588709677,0,0,0,0.580645161,0.443548387,0,0.838709677,0,0.5,0.85483871,0,0,0,0,0.419354839,0.701612903,0,0,0.677419355,0,0,0,0,0.370967742,0,0,0,0,0,0,0,0,0,0,0,0,0.516129032,0,0.733870968,0,0,0,0.75,0.459677419,0,0,0,0,0,0,0,0.725806452,0.459677419,0,0,0,0,0,0,0,0,0.516129032,0,0.459677419,0.467741935,0,0.475806452,0,0,0,0.919354839,0.467741935,0,0,0.475806452,0.5,0,0.387096774,0,0,0,0,0,0,0,0,0,0,0,0,0,0,0,0.056451613,0,0.935483871,0,0.725806452,0,0,0,0,0.927419355,0,0.064516129,0,0,0,0,0,0,0,0.032258065,0,0,0.943548387,0,0.016129032,0,0,0,0.040322581,0,0,0,0,0,0,0,0,0,0,0,0,0,0,0.85483871,0,0.943548387,0,0,0,0,0,0,0,0,0,0,0,0,0,0,0,0,0.008064516,0,0,0
"173",0,0,0.037735849,0,0,0,0,0.018867925,0,0,0,0,0.037735849,0.839622642,0,0,0,0.660377358,0,0,0,0,0,0,0,0,0.018867925,0,0,0,0,0,0.009433962,0,0.018867925,0.867924528,0,0,0.679245283,0,0,0,0,0,0.669811321,0,0,0,0,0.830188679,0,0.047169811,0,0,0.858490566,0,0,0,0,0.009433962,0.018867925,0,0,0,0,0,0,0,0.056603774,0,0,0,0,0.009433962,0,0,0,0,0,0,0,0,0,0,0,0,0,0,0.037735849,0,0,0,0,0,0,0.396226415,0.028301887,0,0,0,0.047169811,0.160377358,0,0,0,0.018867925,0,0,0,0,0,0.311320755,0,0,0,0,0,0.009433962,0.009433962,0.009433962,0.396226415,0,0,0,0,0,0,0,0.018867925,0,0,0,0.009433962,0,0,0.009433962,0,0,0,0,0,0.009433962,0,0,0,0,0,0,0.41509434,0,0,0,0,0.018867925,0,0,0,0.037735849,0,0,0,0,0.41509434,0,0,0,0.009433962,0,0,0,0,0,0,0,0.018867925,0,0,0,0,0,0,0,0,0,0,0.29245283,0.132075472,0.018867925,0,0,0,0,0,0.320754717,0,0,0,0.235849057,0.867924528,0,0,0,0.009433962,0,0.009433962,0,0.566037736,0,0,0,0,0,0,0.037735849,0,0,0,0.141509434,0.141509434,0.018867925,0.009433962,0.990566038,0,0,0,0,0,0,0.396226415,0,0.188679245,0,0.047169811,0,0.009433962,0,0.141509434,0,0.188679245,0,0,0
"175",0,0,0.036876356,0,0,0,0,0.021691974,0,0.00867679,0.019522777,0,0,0.015184382,0,0,0,0,0,0,0,0.514099783,0,0.062906725,0,0.00867679,0.026030369,0.344902386,0.214750542,0,0.00867679,0,0.032537961,0.212581345,0,0,0,0,0,0.006507592,0.663774403,0,0,0,0,0.006507592,0,0.457700651,0,0,0,0,0,0,0.485900217,0,0.013015184,0,0,0,0.00867679,0,0,0,0,0,0,0,0.00867679,0,0,0,0,0,0,0,0,0,0,0,0,0,0,0,0,0,0,0,0,0,0.047722343,0,0,0,0,0,0,0.00867679,0,0,0,0.013015184,0,0,0,0.028199566,0,0,0.006507592,0,0,0,0.015184382,0,0,0,0,0,0,0,0.006507592,0,0,0,0,0,0.00867679,0,0,0,0,0,0.013015184,0,0,0,0,0.00867679,0.006507592,0,0,0,0,0,0,0,0,0,0.013015184,0,0,0,0,0.00867679,0,0,0,0.006507592,0,0,0,0,0.006507592,0,0,0,0,0,0,0,0,0,0,0,0.00867679,0.095444685,0,0,0.00867679,0,0,0,0,0,0,0.470715835,0.32537961,0,0.034707158,0,0,0,0,0,0,0.429501085,0.214750542,1.04989154,0.665943601,0,0.976138829,0.006507592,0.522776573,0,0.618221258,0,0.086767896,0,0,0,0,0.073752711,0,0,0,0,0,0,0.013015184,0.015184382,0,0.963123644,0.548806941,0,0,0,0,0,0,0.173535792,0.268980477,0.006507592,0.028199566,0,0,0,0.023861171,0,0.039045553,0,0.019522777,0
"229",0,0.014285714,0.023809524,0,0,0,0,0,0,0,0,0,0,0.014285714,0,0,0,0,0,0,0,0.00952381,0.857142857,0,0,0,0,0,0,0.00952381,0.00952381,0,0.085714286,0,0,0,0,0,0,0.495238095,0,0,0,0,0.019047619,0.428571429,0,0,0,0,0,0,0,0.00952381,0.042857143,0,0,0,0,0,0.014285714,0,0,0,0,0,0,0,0,0,0,0,0,0,0,0,0,0,0,0,0,0,0,0,0,0,0,0.00952381,0.028571429,0,0,0,0,0,0,0,0,0,0,0,0,0,0,0,0,0.047619048,0,0,0,0,0,0,0,0,0,0,0,0.038095238,0,0.019047619,0,0,0,0.014285714,0,0,0,0,0,0,0,0,0.061904762,0,0.019047619,0,0,0.00952381,0,0,0,0,0,0,0,0,0,0,0,0,0,0,0,0,0,0,0,0.023809524,0,0,0,0,0.057142857,0,0,0,0,0,0,0,0,0,0,0,0,0,0,0.014285714,0,0,0,0,0,0.066666667,0,0,0.142857143,0,0,0,0.014285714,0,0,0,0.014285714,0,0,1.019047619,0.847619048,0.071428571,0,0.319047619,0,0,0,0,0,0.519047619,0.538095238,0,0,0,0,0,1.085714286,0,0,0.971428571,0.880952381,0.019047619,0.085714286,0.971428571,0,0,0,0,0,0,0,0.09047619,0.704761905,0,0.152380952,0.014285714,0,0,0.023809524,0,0,0,0,0.547619048
