"","X2.Hacid_dh","X2.oxoacid_dh","X5.FTHF_cyc.lig","AAA_21","ABC2_membrane_2","ABC2_membrane_3","ADK","AbiEi_pseudo_subWP_007706639.1","AbiEii_WP_104170641.1","Acetate_kinase","Acetyltransf_11","Acetyltransf_4","Acid_PPase","Acid_phosphat_B","Acyl.ACP_TE","Acylphosphatase","Adenine_glyco","Aldedh","Aldo_ket_red","Aminotran_5","Arg_repressor_C","ArsC","ArsP_1","ArsR","Asp_aminotransf","BPD_transp_1","BPD_transp_2","Bac_transf","BioY","BrxL_00002","BrxP_00001","CAP_assoc_N","CARF3..CARF_MK_CARF_00000116","CARF3..CARF_MK_CARF_00011742","CARF3..CARF_TM_CARF3..CARF_TM","CARF5..CARF_ADA_CARF5..CARF_ADA","CARF_m12..CARF_PIN_CARF_m12..CARF_PIN","CAT_RBD","CHASE4","COG1353","COG3512","COG3513","COesterase","CRCB","C_GCAxxG_C_C","Carb_kinase","Cas12e_var","Cas1_II_WP_078484493.1","Cas2_II_WP_167337171.1","Cas3b_WP_098917028.1","Cas3b_WP_100907665.1","Cas3b_WP_184405015.1","Cas5b_WP_048038568.1","Cation_ATPase_C","CbiQ","Chorismate_synt","Com_YlbF","CotJA","CotJB","CpsB_CapC","Csn2_WP_004694488.1","Csn2_WP_017261328.1","Csn2_WP_024413352.1","Csn2_WP_092199373.1","Csn2_WP_115483433.1","Csn2_WP_117838586.1","Csn2_WP_118351836.1","Csn2_WP_129637367.1","Csn2_WP_159082072.1","Csn2_WP_164905698.1","CutC","Cyt_bd_oxida_I","Cyt_bd_oxida_II","DAC","DHDPS","DHH","DNA_binding_1","DNA_gyraseB","DNA_pol3_alpha","DUF1093","DUF1461","DUF1687","DUF1689","DUF1836","DUF1972","DUF1980","DUF2140","DUF2691","DUF2824","DUF3192","DUF4130","DUF4180","DUF4186","DUF421","DUF4363","DUF4428","DUF4777","DUF4870","DUF4918","DUF4954","DUF5016","DUF5130","DUF5446","DUF6002","DUF6034","DUF6142","DUF6198","DUF6454","DUF6567","DUF724","DUF772","DUF948","DegT_DnrJ_EryC1","DegV","DndH_00006","Dockerin_1","DpdF_00007","DpdF_00014","DrmC_00018","E1.E2_ATPase","E1E2_00013","E2_00015","EIIA.man","EIID.AGA","EPSP_synthase","EcsB","Effector_00019","Exo_endo_phos_3","EzrA","FBXL18_LRR","FMO.like","FUR","FYDLN_acid","Fe.ADH","FeS_assembly_P","Ferritin","FmdA_AmdA","GATase_3","GATase_5","GDPD","GIDA","GTP1_OBG","GW","GerA","Glyco_hydro_1","Glyco_hydro_25","Glyco_hydro_31","Glycogen_syn","Glycos_transf_3","Glyoxalase_4","Glyoxalase_7","Gram_pos_anchor","GrpB","HAD_2","HATPase_c_5","HSP70","HTH_37","HTH_42","HTH_Tnp_1_2","Hc1","HicB_lk_antitox","HisKA_7TM","His_kinase","HlyD_2","Hpr_kinase_C","HycH","Hydrolase","Hydrolase_3","Hydrolase_6","ILVD_EDD","Ish1","Iso_dh","JAB_00001","JetC3_00003","LGT","LIDHydrolase","LPAM_1","LRR_5","Lactonase","LemA","LepA_C","LrgA","LrgB","Lum_binding","Lyase_8","LytR_cpsA_psr","MFS_3","MIOX","Mbeg1.like","Mn_catalase","MscL","MurJ","MurT_C","Mur_ligase_M","MzaA_00001","NAD_Gly3P_dh_C","NDK","NTP_transf_5","NTP_transferase","Na_Ca_ex","NanE","Nramp","Nudix_N","NusG_II","O.antigen_lig","OPT","ORF45","OpgC_C","OpuAC","Orn_DAP_Arg_deC","OsmC","Oxidored.like","PADR1","PAP2_3","PC4","PDT","PFK","PGM_PMM_I","PI.PLC.C1","PK","PMSR","PNP_UDP_1","PRORP","PTS_EIIC_2","PanZ","Pan_kinase","ParA","PbeA_00005","PbeC_00002","PbeC_00033","PelG","Pep_deformylase","Peptidase_A8","Peptidase_C69","Peptidase_M2","Peptidase_M20","Peptidase_M28","Peptidase_S11","PglW_00001","Phage_holin_3_7","Phos_pyr_kin","Phosphoesterase","Phosphorylase","Ploopntkinase3","Polysacc_deac_1","Polysacc_deac_3","Polysacc_synt_2","PseudoU_synth_1","PseudoU_synth_2","PspC","PtuA1_00010","PtuA1_00019","PtuA2_00004","PtuB1_00022","Put_Phosphatase","Pyc_2TM","Pyr_excise","QueT","REase_II_00022","REase_II_00105","REase_I_00011","RNase_E_G","ROK","Radical_SAM","Rce1.like","Rhomboid_2","Rib_5.P_isom_A","Ribosomal_L10","Ribosomal_L13","Ribosomal_L17","Ribosomal_L19","Ribosomal_L25p","Ribosomal_L31","Ribosomal_L36","Ribosomal_S11","Ribosomal_S13","Ribosomal_S9","RmlD_sub_bind","Rubredoxin","S4_2","SBP_bac_3","SBP_bac_8","SDF","SHMT","SLC35F","SNARE_assoc","SecY","SelR","SepF","SidE_PDE","Sigma70_ECF","Sigma_reg_N","SpoU_methylase","Spore_GerAC","Spore_coat_CotO","SspA_00001","SspB_00009","SspC_00010","Strep_his_triad","Subtilosin_A","SurA_N_3","T3SchapCesA","TA0956","TEX29","TGT","TM1586_NiRdase","TPP_enzyme_N","TRIP13_00002","TehB","Tex_N","ThsC2_00001","Transcrip_reg","Transketolase_N","TrmE_N","Trns_repr_metal","Trp_Tyr_perm","Type_V_V_U3","U71","UNC.50","Usp","UvrC_RNaseH_dom","VakA","VanZ","YajC","YbbR","YbhQ","YiiD_C","YjgF_endoribonc","YmdB","YtxH","adh_short_C2","cas9_maka_4_II","cas_Csn1","cd09643","cd09720","cd09758","cls001593","dCMP_cyt_deam_2","drt.UG29","drt.cluster7","drt.cluster972","eIF.1a","eIF.5_eIF.2B","mkCas0122","mkCas0193","mkCas0206","mkCas0214","pAgo.associated_WP_072319132.1","retron_type_IV_2tm_cluster826_1","retron_type_I_B1_atpase_toprim_cluster22_2","retron_type_VI_hth_cluster2_1","retron_type_XIII_znfinger_cluster114_1","retron_unknown","shah_acc_0033","shah_acc_0189","zf.CHY"
"23",0,0,0,0.176470588235294,0,0,0,0,0,0,0,0.0320855614973262,0,0,0.0160427807486631,0,0,0,0,0,0,0,0,0.0802139037433155,0,0.0481283422459893,0,0.0106951871657754,0,0.0802139037433155,0.0802139037433155,0,0,0,0.0160427807486631,0,0,0,0,0,0,0.0267379679144385,0,0,0,0.0160427807486631,0,0.973262032085562,0.925133689839572,0,0,0,0,0,0,0,0,0,0,0,0,0,0,0,0.620320855614973,0,0,0,0,0,0,0,0,0,0,0.0320855614973262,0,0,0.0267379679144385,0,0,0,0,0,0,0,0,0,0,0.0320855614973262,0,0,0,0,0,0,0,0,0,0,0,0,0,0.0427807486631016,0.0213903743315508,0,0,0,0.112299465240642,0,0,0,0,0,0,0,0,0,0,0,0,0,0,0,0,0,0,0.0855614973262032,0,0,0,0,0.0160427807486631,0.0267379679144385,0,0.053475935828877,0,0,0,0,0,0,0,0,0,0,0,0,0,0,0,0.0320855614973262,0,0,0.0267379679144385,0,0.0160427807486631,0,0.0106951871657754,0,0,0,0,0,0,0,0,0,0,0,0,0,0,0,0,0,0,0.0802139037433155,0,0,0,0.0160427807486631,0.0160427807486631,0,0,0.0160427807486631,0.0267379679144385,0,0,0,0,0,0,0,0.0695187165775401,0,0,0.0267379679144385,0,0,0,0,0,0,0.0160427807486631,0,0,0,0,0,0,0,0,0,0,0,0,0.0213903743315508,0,0,0.0160427807486631,0,0,0.0909090909090909,0.0802139037433155,0,0,0,0,0,0.0802139037433155,0,0,0,0,0.053475935828877,0,0.0160427807486631,0,0,0.0267379679144385,0,0.0855614973262032,0,0,0,0,0,0.0160427807486631,0,0,0,0,0,0,0.0909090909090909,0,0,0,0,0,0,0,0.0106951871657754,0.0695187165775401,0,0,0,0,0,0,0,0,0,0,0,0,0,0,0.0374331550802139,0.0160427807486631,0,0,0,0.0106951871657754,0,0,0,0,0,0.0267379679144385,0,0.0267379679144385,0,0,0.0267379679144385,0,0,0,0,0,0,0,0,0,0.0160427807486631,0,0,0,0,0.0213903743315508,0,0,0,0,0,0,0,0,0.0213903743315508,0,0.0267379679144385,0,0,0,0,0,0.053475935828877,0,0,0.0106951871657754,0.0748663101604278,0.0160427807486631,0.0481283422459893,0,0.0748663101604278,0,0,0.0106951871657754,0,0,0,0,0,0.925133689839572,0.0213903743315508,0,0,0,0.0695187165775401,0.0802139037433155,0,0,0.0855614973262032,0.0909090909090909,0
"41",0.0884615384615385,0,0,0.284615384615385,0.0538461538461538,0,0,0,0,0,0,0.0230769230769231,0,0,0,0,0,0.0461538461538462,0.0230769230769231,0,0,0,0,0.0269230769230769,0,0.115384615384615,0,0,0,0.165384615384615,0.0230769230769231,0.00769230769230769,0,0,0,0,0,0,0,0,0.0230769230769231,0.723076923076923,0,0,0,0,0,0.965384615384615,0.934615384615385,0,0,0.0153846153846154,0,0,0,0,0,0,0,0,0,0,0,0,0.269230769230769,0,0,0,0,0,0,0,0,0,0,0,0,0.00769230769230769,0,0,0,0,0,0.0230769230769231,0,0,0,0,0,0,0,0,0,0,0,0,0,0,0,0,0,0,0,0.0269230769230769,0,0,0,0,0.0192307692307692,0,0,0,0.00769230769230769,0.0153846153846154,0,0,0,0,0,0.0269230769230769,0,0,0,0,0,0,0,0,0,0,0,0,0,0.0653846153846154,0,0,0,0,0,0,0,0,0,0,0.0153846153846154,0.0307692307692308,0,0,0,0,0,0,0,0.0153846153846154,0.153846153846154,0,0.0269230769230769,0.0115384615384615,0.0423076923076923,0,0.0115384615384615,0,0,0,0,0,0,0.0653846153846154,0,0,0,0.0192307692307692,0,0.0576923076923077,0,0,0,0.0423076923076923,0,0,0,0,0.0269230769230769,0,0,0,0.0730769230769231,0,0,0,0,0.0346153846153846,0,0.00769230769230769,0.00769230769230769,0,0,0,0,0,0,0,0.0192307692307692,0,0,0,0,0,0.0615384615384615,0,0,0,0,0,0,0,0,0,0,0.00769230769230769,0,0,0,0.0153846153846154,0.134615384615385,0,0,0,0,0,0.0307692307692308,0,0,0,0,0.0192307692307692,0,0.00769230769230769,0,0,0,0,0,0,0.0153846153846154,0,0,0,0,0,0,0,0,0,0,0,0,0,0,0,0,0,0,0.0115384615384615,0,0,0,0,0,0,0,0,0,0,0,0,0,0,0,0,0,0,0,0,0.0115384615384615,0,0,0,0,0,0.0269230769230769,0,0,0,0,0.0730769230769231,0,0,0,0,0,0,0,0,0,0.05,0.0384615384615385,0.00769230769230769,0,0,0.00769230769230769,0,0,0,0,0,0,0,0,0.0115384615384615,0,0,0,0,0,0,0.0153846153846154,0,0.0269230769230769,0,0.05,0,0,0.0192307692307692,0,0,0,0,0.00769230769230769,0,0.0115384615384615,0,0,0,0.280769230769231,0,0,0,0,0.1,0.0538461538461538,0,0,0,0,0
"51",0.0235294117647059,0,0,0.615686274509804,0.0156862745098039,0,0,0,0,0,0,0,0.00784313725490196,0,0,0,0,0,0.00784313725490196,0,0,0,0,0.0196078431372549,0.0117647058823529,0.168627450980392,0.00784313725490196,0,0,0.0156862745098039,0.0235294117647059,0,0,0,0.0509803921568627,0.00784313725490196,0,0,0,0,0,0.0117647058823529,0,0,0.00784313725490196,0,0,0.901960784313726,0.901960784313726,0,0,0,0,0,0.0666666666666667,0,0,0.0117647058823529,0.0117647058823529,0.0196078431372549,0,0,0,0,0.101960784313725,0,0.780392156862745,0,0.0117647058823529,0,0,0,0,0,0.00784313725490196,0,0,0,0,0,0,0,0,0.0117647058823529,0,0,0,0,0,0,0,0,0,0,0,0,0,0,0,0,0,0,0,0.0235294117647059,0,0,0,0,0,0,0,0,0,0,0,0,0,0,0,0,0.0313725490196078,0,0,0,0,0,0,0.0313725490196078,0,0,0,0,0,0.0588235294117647,0,0,0,0,0,0,0,0,0,0,0,0,0,0,0,0,0,0,0,0.0196078431372549,0.0823529411764706,0,0,0,0,0,0.0196078431372549,0,0,0.0196078431372549,0,0,0,0.0274509803921569,0,0,0,0,0,0.0117647058823529,0,0,0,0.0274509803921569,0,0,0.0117647058823529,0,0,0,0,0,0,0,0.00784313725490196,0.0117647058823529,0,0.0901960784313725,0,0.0196078431372549,0.0117647058823529,0,0,0,0,0,0,0,0,0.0235294117647059,0,0,0,0,0,0,0,0,0,0,0,0,0.00784313725490196,0,0,0,0,0,0,0,0.00784313725490196,0.0117647058823529,0,0.0352941176470588,0,0,0.427450980392157,0.0117647058823529,0,0,0.0117647058823529,0.0117647058823529,0,0.0274509803921569,0,0,0.0196078431372549,0.00784313725490196,0.00784313725490196,0,0.00784313725490196,0.0235294117647059,0,0,0.0196078431372549,0,0,0,0,0,0,0,0,0,0,0,0,0,0.0117647058823529,0,0.0117647058823529,0,0,0,0,0,0,0,0,0,0,0,0,0,0,0,0.0745098039215686,0.00784313725490196,0,0,0.0588235294117647,0,0,0,0,0,0,0.00784313725490196,0.0274509803921569,0,0,0,0,0,0,0,0,0.00784313725490196,0,0,0,0,0,0.00784313725490196,0,0,0,0,0,0,0.0117647058823529,0,0,0,0,0,0.0156862745098039,0,0,0,0,0,0,0,0,0,0.00784313725490196,0,0.0705882352941176,0.811764705882353,0.0156862745098039,0,0,0,0,0.00784313725490196,0,0,0,0,0.129411764705882,0,0,0,0,0.325490196078431,0.109803921568627,0,0,0,0,0
"68",0,0,0,0.237931034482759,0,0,0,0,0,0,0,0.0482758620689655,0,0,0.00689655172413793,0,0,0,0.0551724137931034,0,0,0.0206896551724138,0,0.0103448275862069,0,0.0275862068965517,0.379310344827586,0,0,0.0448275862068966,0.0172413793103448,0,0,0,0,0,0,0.0241379310344828,0,0,0,0.0172413793103448,0,0,0,0,0,0.986206896551724,0.955172413793103,0,0,0,0,0,0,0,0,0,0,0,0,0,0,0,0.820689655172414,0,0,0,0,0,0.0482758620689655,0,0,0,0.00689655172413793,0,0,0,0,0,0,0,0,0.117241379310345,0,0,0,0,0,0,0,0,0,0,0,0,0,0,0,0.00689655172413793,0.00689655172413793,0,0,0,0,0,0,0,0,0,0.0137931034482759,0,0,0.00689655172413793,0,0,0.0448275862068966,0,0,0,0.0137931034482759,0,0,0,0,0,0,0.096551724137931,0,0,0,0.0413793103448276,0,0.0103448275862069,0,0,0,0,0,0,0,0,0,0,0.0517241379310345,0,0,0,0,0,0.0103448275862069,0,0,0,0,0,0.0172413793103448,0,0.0517241379310345,0,0,0,0.0379310344827586,0,0.0103448275862069,0,0,0,0,0,0,0,0,0.0103448275862069,0,0,0.00689655172413793,0,0,0,0,0.0172413793103448,0.0172413793103448,0,0,0,0.0344827586206897,0,0,0,0,0.0275862068965517,0,0,0,0,0,0,0,0,0,0,0,0,0,0,0,0,0,0,0,0,0,0,0,0,0,0,0,0,0,0,0,0.0206896551724138,0.0241379310344828,0,0,0,0,0,0.137931034482759,0.303448275862069,0,0,0,0.00689655172413793,0,0,0,0,0,0,0,0,0,0,0,0.0931034482758621,0,0.00689655172413793,0,0,0,0,0,0,0,0,0,0,0,0,0.00689655172413793,0,0,0,0,0.0103448275862069,0,0,0,0,0,0,0,0,0,0.00689655172413793,0,0,0,0,0.0310344827586207,0,0.0413793103448276,0.00689655172413793,0,0,0,0,0.0275862068965517,0,0.0517241379310345,0,0,0,0,0,0,0,0,0,0,0,0.00689655172413793,0,0,0,0,0,0,0,0,0,0,0,0,0,0,0,0,0.0241379310344828,0,0.0137931034482759,0,0,0,0,0,0,0,0.00689655172413793,0.0655172413793104,0,0,0,0,0,0,0,0,0,0,0,1.00689655172414,0,0,0,0.131034482758621,0.158620689655172,0.0655172413793104,0,0,0.0275862068965517,0,0
"70",0,0,0,0.0680272108843537,0,0,0,0,0,0,0,0.0498866213151927,0,0,0,0,0,0.0680272108843537,0,0,0,0,0.00680272108843537,0.090702947845805,0,0,0.0612244897959184,0,0,0,0.00453514739229025,0,0,0,0.0136054421768707,0,0,0,0,0,0.267573696145125,0,0,0.410430839002268,0,0,0,1.01360544217687,0.702947845804989,0,0,0,0,0,0,0.018140589569161,0.018140589569161,0,0,0,0,0,0.689342403628118,0,0.0317460317460317,0,0,0,0.249433106575964,0,0,0,0,0,0,0.349206349206349,0,0.0090702947845805,0,0,0,0,0,0,0,0,0,0.00680272108843537,0,0,0,0,0,0,0,0,0,0,0.124716553287982,0,0.00680272108843537,0,0,0,0,0.0113378684807256,0,0,0,0,0,0,0,0.00680272108843537,0,0,0.0249433106575964,0,0,0,0,0,0,0,0.018140589569161,0,0,0,0,0,0,0,0,0.0770975056689342,0,0,0,0,0,0,0.0430839002267574,0,0,0,0,0,0,0,0.0136054421768707,0,0,0.0249433106575964,0.0612244897959184,0.0158730158730159,0.00680272108843537,0,0,0,0,0,0.0090702947845805,0,0,0,0,0,0,0.315192743764172,0,0,0,0,0,0.0136054421768707,0,0,0,0,0,0.0090702947845805,0,0,0,0,0,0.018140589569161,0.0113378684807256,0,0,0,0,0,0,0,0.0090702947845805,0,0,0,0,0,0,0.0997732426303855,0,0,0,0,0,0,0.00680272108843537,0,0,0,0,0,0,0.0158730158730159,0,0,0,0,0,0.140589569160998,0,0,0.00680272108843537,0,0,0,0,0,0.00680272108843537,0.0090702947845805,0.0793650793650794,0,0,0.120181405895692,0,0,0,0,0,0.0634920634920635,0,0,0,0,0,0,0.072562358276644,0,0.0158730158730159,0.00680272108843537,0,0,0,0,0,0.0249433106575964,0,0,0,0,0,0,0.0521541950113379,0,0.117913832199546,0,0,0,0.333333333333333,0,0.335600907029478,0,0,0,0,0,0,0,0,0,0,0,0,0,0,0,0,0,0,0,0.0158730158730159,0,0,0,0,0,0,0,0,0.0090702947845805,0,0,0,0.0952380952380952,0,0,0,0,0,0,0,0.163265306122449,0,0,0.00680272108843537,0,0,0,0.0498866213151927,0.106575963718821,0,0.00680272108843537,0,0,0,0,0.00680272108843537,0,0,0.256235827664399,0.668934240362812,0.0158730158730159,0,0.018140589569161,0.0317460317460317,0.0204081632653061,0,0,0,0,0,0,0.0770975056689342,0,0,0,0,0.17687074829932,0.0272108843537415,0,0,0.0566893424036281,0,0
"73",0.099009900990099,0,0,0.0033003300330033,0,0,0,0,0,0,0,0,0.0033003300330033,0,0,0,0,0,0,0.0033003300330033,0,0,0,0,0,0.0033003300330033,0,0,0.141914191419142,0,0.0033003300330033,0,0.313531353135314,0,0,0,0,0,0,0,0,1.00660066006601,0,0,0.0099009900990099,0.455445544554455,0,0.993399339933993,0.996699669966997,0,0,0,0,0,0,0,0,0,0,0,0,0,0,0,0,0,0,0,0,0,0.264026402640264,0,0,0,0,0,0,0,0,0,0,0,0,0,0,0,0,0,0,0,0.313531353135314,0,0,0,0,0,0,0,0,0,0.0066006600660066,0.066006600660066,0,0,0.0099009900990099,0,0,0,0,0,0.0033003300330033,0,0.0033003300330033,0.68976897689769,0,0,0,0.36963696369637,0,0,0.316831683168317,0.3003300330033,0,0,0,0,0,0,0,0,0,0,0,0,0,0,0,0,0,0,0,0,0,0,0,0,0,0,0,0,0,0,0,0.148514851485149,0.0033003300330033,0,0,0,0,0,0,0,0,0,0,0,0.531353135313531,0.0693069306930693,0,0,0,0,0,0,0,0,0,0,0,0.0099009900990099,0,0,0,0,0,0.0033003300330033,0.0033003300330033,0,0,0,0,0,0,0,0,0,0,0,0,0,0,0,0,0,0,0,0,0,0,0,0,0,0,0,0,0,0,0,0,0,0,0,0,0,0,0,0.0099009900990099,0,0,0,0,0,0,0.0033003300330033,0,0.0198019801980198,0,0,0,0,0.0594059405940594,0,0,0,0,0,0,0,0.0066006600660066,0,0,0,0,0,0,0,0,0.775577557755776,0,0,0,0,0,0,0,0,0,0,0,0,0,0,0,0,0,0,0,0,0,0,0.0033003300330033,0,0,0.336633663366337,0.544554455445545,0,0,0,0,0,0.0033003300330033,0,0.66006600660066,0,0,0.0066006600660066,0,0,0,0,0,0,0,0,0,0,0,0,0,0,0,0,0,0,0,0,0,0,0,0,0,0,0,0,0,0,0,0,0,0,0,0.0099009900990099,0,0.0198019801980198,0,0,0,0,0,0,0,0,0,0,0,0,0,0,0,0.0066006600660066,0.33993399339934,0,0,0.0033003300330033,0,0
"167",0.00427350427350427,0,0,0.388888888888889,0,0,0,0,0,0.243589743589744,0,0.106837606837607,0,0,0,0,0,0,0,0.384615384615385,0,0.423076923076923,0,0,0,0.0683760683760684,0,0,0,0,0,0,0,0,0,0,0,0,0,0,0.987179487179487,0,0,0,0,0,0,0.978632478632479,0.00427350427350427,0,0,0,0,0,0,0,0,0,0,0,0,0,0.00427350427350427,0,0,0,0,0,0,0,0,0,0,0,0,0,0.405982905982906,0.512820512820513,0,0,0,0,0,0,0,0,0,0,0,0,0,0,0,0,0,0,0,0,0,0,0.00427350427350427,0,0,0,0,0,0,0,0,0,0,0,0,0,0,0,0,0,0,0.00427350427350427,0.393162393162393,0,0,0,0,0,0.303418803418803,0,0.487179487179487,0,0,0.00427350427350427,0,0,0,0,0,0,0,0,0,0.448717948717949,0,0,0,0,0,0,0,0,0.367521367521368,0,0,0.52991452991453,0,0,0,0,0,0,0,0,0,0,0,0,0,0.0769230769230769,0,0,0,0,0,0,0,0,0,0,0,0,0,0.491452991452991,0.491452991452991,0,0,0,0,0,0.00427350427350427,0,0.0897435897435897,0,0,0,0,0,0,0,0,0,0,0,0,0,0,0,0,0,0,0,0.303418803418803,0,0,0,0,0,0,0,0,0,0,0,0,0,0.00427350427350427,0,0,0.354700854700855,0,0,0,0,0,0,0,0,0,0,0,0,0,0,0,0,0,0,0,0,0.491452991452991,0,0,0,0,0,0.658119658119658,0,0,0,0,0,0,0,0.132478632478632,0,0.115384615384615,0,0,0,0,0,0,0,0,0,0,0,0,0,0,0,0.786324786324786,0.0641025641025641,0,0.00427350427350427,0.230769230769231,0,0,0,0,0,0,0,0,0,0,0.320512820512821,0,0,0,0,0,0,0.00427350427350427,0,0,0,0,0,0,0,0,0,0,0,0.00427350427350427,0,0,0,0,0,0,0,0,0,0,0,0.452991452991453,0,0,0,0,0.931623931623932,0.0341880341880342,0.00427350427350427,0.0128205128205128,0.991452991452991,0,0,0.235042735042735,0,0,0,0,0,0.0384615384615385,0,0,0,0,0,0,0,0,0,0,0
"169",0,0.0114285714285714,0,0.68,0.348571428571429,0,0,0,0,0,0,0.0685714285714286,0,0,0,0,0,0,0.00571428571428571,0,0,0,0,0,0,0.0514285714285714,0,0,0.194285714285714,0.217142857142857,0.00571428571428571,0,0,0,0,0,0,0,0.325714285714286,0,0,0,0,0,0,0,0,1.02285714285714,1,0,0,0,0,0,0,0,0,0.0285714285714286,0.0285714285714286,0,0,0,0,0,0.308571428571429,0,0,0,0,0,0.0171428571428571,0,0,0,0,0,0,0,0,0,0,0,0,0.0342857142857143,0,0,0,0,0,0,0,0,0,0,0,0,0,0,0,0.04,0,0,0,0.0171428571428571,0,0,0,0,0,0,0,0,0,0,0,0,0,0,0,0.462857142857143,0.0228571428571429,0,0,0.0114285714285714,0,0,0,0,0,0,0,0,0,0,0,0,0,0,0,0.0228571428571429,0,0.0514285714285714,0,0,0,0,0,0,0,0,0,0,0.302857142857143,0,0.0114285714285714,0,0.474285714285714,0,0.0285714285714286,0,0,0,0,0.0228571428571429,0,0,0.0114285714285714,0.0171428571428571,0,0,0,0.0114285714285714,0,0,0,0,0.00571428571428571,0,0,0,0,0,0,0,0,0,0.0228571428571429,0.44,0,0.0228571428571429,0,0.00571428571428571,0,0,0.0571428571428571,0,0,0,0,0.302857142857143,0,0,0,0,0,0,0,0.0171428571428571,0,0,0,0,0,0,0,0,0,0,0,0,0,0,0,0.0114285714285714,0.0628571428571429,0,0,0,0,0,0.04,0,0.0228571428571429,0.0628571428571429,0,0.0685714285714286,0,0,0,0,0,0,0,0.331428571428571,0,0,0,0,0.0285714285714286,0,0,0.411428571428571,0,0,0.0114285714285714,0,0,0,0,0,0,0,0,0,0,0,0,0,0,0,0,0,0,0,0,0,0,0,0,0,0.0285714285714286,0.00571428571428571,0,0.0285714285714286,0,0,0,0,0,0,0,0,0,0,0,0.0171428571428571,0,0,0,0,0,0,0,0,0,0,0,0,0,0,0.0228571428571429,0,0,0,0.491428571428571,0,0,0,0,0,0.0228571428571429,0.0571428571428571,0.297142857142857,0,0,0,0,0,0,0,0,0,0.0285714285714286,0.708571428571429,0,0,0.308571428571429,0.0571428571428571,0.0571428571428571,0,0.0342857142857143,0,0,0,0.36,0,0.617142857142857,0,0,0.0114285714285714,0.0285714285714286,0,0,0,0,0
"172",0,0,0,0.00298507462686567,0.00298507462686567,0,0,0,0,0,0,0,0,0,0,0,0,0,0,0,0,0,0,0.782089552238806,0,0,0,0,0,0.552238805970149,0,0,0,0,0,0,0,0,0,0.683582089552239,0,0,0,0,0,0,0,1.01492537313433,1,0,0,0,0,0,0,0.647761194029851,0,0,0,0,0,0,0,0,1.01492537313433,0,0,0,0,0,0,0,0,0,0,0,0,0,0,0,0,0,0,0,0,0,0,0,0,0,0,0,0.0119402985074627,0,0,0,0,0,0,0,0,0,0,0,0,0,0,0,0,0,0,0,0.00597014925373134,0,0,0,0,0,0,0,0,0,0,0,0,0,0,0,0,0,0,0,0.00895522388059702,0,0,0,0,0,0.617910447761194,0.319402985074627,0,0,0,0,0,0,0,0,0,0,0,0,0,0.00895522388059702,0,0,0,0,0,0,0,0,0,0,0,0,0,0,0,0,0,0,0,0,0,0,0,0,0.632835820895522,0,0,0,0,0,0,0,0,0,0,0,0,0,0,0,0,0,0,0,0,0,0,0,0,0,0,0,0.31044776119403,0,0,0.758208955223881,0,0,0.316417910447761,0.382089552238806,0,0,0,0,0,0.71044776119403,0,0,0.614925373134328,0,0,0.835820895522388,0.00298507462686567,0,0,0,0,0,0,0,0,0,0,0,0,0,0,0,0,0,0,0,0,0,0,0,0,0,0,0,0,0,0,0,0,0,0,0,0,0,0,0,0,0,0,0,0,0,0,0,0,0,0,0,0,0,0,0,0,0,0,0,0,0,0,0,0.632835820895522,0,0,0,0,0.00298507462686567,0,0,0,0,0,0,0,0,0,0,0,0.737313432835821,0,0,0,0,0,0,0.00298507462686567,0,0,0,0,0,0,0,0,0,0,0,0,0,0,0,0,0,0,0,0,0,0,0,0,0,0,0,0,0,1.03283582089552,0,0,0,0,0,0.00895522388059702,0,0,0,0,0
"174",0,0,0,0.242009132420091,0.0136986301369863,0,0,0,0,0.0182648401826484,0,0.0319634703196347,0,0,0,0,0,0.0365296803652968,0.0091324200913242,0,0,0,0,0.0182648401826484,0.0182648401826484,0.0684931506849315,0.0091324200913242,0,0,0.0091324200913242,0.0136986301369863,0,0,0,0.0228310502283105,0,0,0,0,0,0.17351598173516,0.981735159817352,0,0,0,0.0228310502283105,0,0.986301369863014,0.808219178082192,0,0,0,0,0,0,0,0,0,0,0,0,0,0,0,0,0,0,0,0,0,0.0136986301369863,0,0,0,0.0091324200913242,0,0,0,0.0136986301369863,0,0,0,0,0,0,0,0,0,0,0.0365296803652968,0,0,0,0,0,0,0,0,0,0.0319634703196347,0,0.0091324200913242,0,0.0136986301369863,0,0,0,0,0.0136986301369863,0,0,0,0,0,0,0,0,0,0,0.0639269406392694,0.0182648401826484,0,0,0,0.0273972602739726,0,0,0,0,0,0.0228310502283105,0,0,0,0,0.0091324200913242,0,0,0,0.0319634703196347,0.0182648401826484,0,0,0,0,0,0,0.0136986301369863,0,0,0,0,0,0,0.0684931506849315,0.0502283105022831,0.0136986301369863,0,0,0,0,0,0,0.0365296803652968,0,0,0.0273972602739726,0,0,0.0091324200913242,0,0,0,0,0,0,0,0,0,0,0,0,0,0,0,0,0.0365296803652968,0,0,0,0,0,0,0,0,0,0.0182648401826484,0,0.0365296803652968,0,0,0,0,0,0,0,0,0.0091324200913242,0,0.0091324200913242,0.0091324200913242,0,0,0.0136986301369863,0,0,0.0091324200913242,0.0273972602739726,0,0.0182648401826484,0,0,0,0,0,0,0,0,0,0,0.0136986301369863,0,0,0,0,0,0,0.0228310502283105,0,0,0,0,0,0,0,0,0,0,0.0730593607305936,0,0,0,0.0136986301369863,0,0,0,0,0,0,0,0,0,0,0.0593607305936073,0,0.0091324200913242,0,0,0,0,0,0,0.0182648401826484,0,0,0,0,0.0410958904109589,0,0,0.0319634703196347,0,0,0,0.0136986301369863,0.0228310502283105,0,0,0,0,0.0136986301369863,0,0.0091324200913242,0,0,0,0,0,0,0,0,0,0,0,0,0,0.0091324200913242,0.0091324200913242,0,0.0136986301369863,0,0,0.0136986301369863,0,0,0,0,0,0,0.0365296803652968,0,0.0182648401826484,0,0,0,0,0,0,0,0,0.0410958904109589,0,0.0182648401826484,0.0228310502283105,0,0,0,0,0.0091324200913242,0,0.0593607305936073,0,0,0,0,0,0,0,0,0.0182648401826484,0.0273972602739726,0,0,0.0273972602739726,0.0136986301369863,0
"175",0,0.115384615384615,0,0.157051282051282,0.0737179487179487,0,0,0,0,0,0,0.461538461538462,0.0224358974358974,0,0.826923076923077,0,0,0.195512820512821,0.288461538461538,0,0,0.032051282051282,0,0.016025641025641,0,0.0192307692307692,0,0,0.00320512820512821,0,0,0,0,0,0,0,0,0,0,0,0.653846153846154,0,0,0,0,0,0,1.00961538461538,0.362179487179487,0,0,0,0,0,0,0,0.00320512820512821,0,0,0,0,0,0.378205128205128,0,0,0,0,0,0.233974358974359,0,0,0,0,0.647435897435897,0,0,0,0,0,0,0.830128205128205,0.00641025641025641,0,0.0448717948717949,0,0,0,0,0.0288461538461538,0,0,0,0,0,0,0,0,0,0,0,0,0,0,0,0,0,0.016025641025641,0,0,0,0.032051282051282,0.016025641025641,0,0,0,0,0.105769230769231,0,0,0.0961538461538462,0,0,0,0,0.381410256410256,0,0,0,0,0,0.141025641025641,0,0,0,0,0,0,0.0192307692307692,0,0.0192307692307692,0,0.0384615384615385,0,0,0.0480769230769231,0,0.00641025641025641,0,0,0,0,0.0801282051282051,0,0.0576923076923077,0.0384615384615385,0,0,0,0.0865384615384615,0,0.365384615384615,0,0,0,0,0,0.217948717948718,0,0.432692307692308,0,0,0.0993589743589744,0,0,0,0.0384615384615385,0,0,0,0,0.766025641025641,0,0,0,0,0.375,0.016025641025641,0,0.256410256410256,0,0,0,0.41025641025641,0.00641025641025641,0,0,0.737179487179487,0,0,0,0,0,0.304487179487179,0,0.00961538461538462,0,0,0,0,0,0,0,0,0,0,0.384615384615385,0,0.653846153846154,0,0,0,0,0,0.0833333333333333,0.208333333333333,0,0,0,0,0,0.0128205128205128,0,0,0,0,0.189102564102564,0,0,0,0,0,0,0,0,0,0,0,0,0.0416666666666667,0,0,0,0,0,0,0,0,0,0,0.580128205128205,0,0,0.00961538461538462,0.467948717948718,0.0769230769230769,0,0.00641025641025641,0,0,0,0,0,0,0,0,0,0,0.0288461538461538,0,0,0,0,0,0,0,0,0,0.240384615384615,0,0.192307692307692,0.00641025641025641,0,0,0,0,0,0,0,0,0.00641025641025641,0,0,0,0,0,0.224358974358974,0,0,0,0,0,0,0,0.185897435897436,0,0,0,0,0,0,0.189102564102564,0.371794871794872,0,0,0.644230769230769,0,0,0,0,0,0.0512820512820513,0.57051282051282,0.384615384615385,0.0801282051282051,0.00641025641025641,0.419871794871795,0,0,0,0,0,0,0,0,0.0192307692307692,0,0,0,0,0,0.474358974358974,0,0,0.016025641025641,0,0
"180",0.0037037037037037,0,0,0.0740740740740741,0,0,0,0,0,0,0,0,0,0,0,0,0,0,0.107407407407407,0,0,0,0,0,0,0.0148148148148148,0,0,0,0,0.622222222222222,0,0,0,0,0,0,0,0,0,0,1.01111111111111,0,0,0,0,0,1.0037037037037,1,0,0,0,0,0,0,0,0,0,0,0,0,0,0,0.0037037037037037,0,0,0,0,0,0,0,0,0,0,0,0,0,0.0592592592592593,0,0,0,0,0,0,0,0,0,0,0,0,0,0,0,0,0,0,0,0,0,0.0037037037037037,0,0,0,0.0592592592592593,0,0,0,0,0,0,0,0,0,0,0,0,0,0,0,0,0,0,0,0,0,0,0,0,0,0,0,0,0,0,0,0,0,0,0,0.037037037037037,0,0,0,0,0,0,0,0,0,0,0,0,0,0,0,0,0.118518518518519,0,0,0,0,0,0,0.0185185185185185,0,0,0,0.0037037037037037,0,0,0,0,0,0.0185185185185185,0,0,0,0,0.0481481481481481,0,0,0,0,0,0,0,0,0,0,0,0,0,0,0,0,0,0,0,0.0111111111111111,0,0,0,0,0,0,0,0,0.0037037037037037,0,0,0,0.0037037037037037,0,0.133333333333333,0,0,0,0,0,0,0,0,0,0.00740740740740741,0,0,0.0037037037037037,0,0,0.8,0.0222222222222222,0,0,0,0,0,0,0,0,0,0,0,0,0,0,0,0,0,0,0,0,0,0,0,0,0,0,0,0,0,0,0,0,0,0,0.0703703703703704,0,0,0,0,0,0,0,0,0,0,0,0,0,0,0,0,0,0,0,0,0,0,0,0,0.0037037037037037,0,0,0,0,0.681481481481481,0.622222222222222,0.648148148148148,0,0,0,0.585185185185185,0,0,0,0,0.122222222222222,0,0,0,0,0,0,0,0,0,0,0,0,0,0,0,0,0,0,0,0,0,0,0,0,0,0.0222222222222222,0.0222222222222222,0,0,0.0037037037037037,0,0,0,0,0,0.42962962962963,0.388888888888889,0.0148148148148148,0,0,0,0,0,0.351851851851852,0,0,0.0037037037037037,0,0
"184",0,0,0,0.0264765784114053,0,0,0,0,0,0,0,0.0142566191446029,0,0,0,0,0,0,0.00407331975560081,0,0,0,0,0.0285132382892057,0,0.0386965376782077,0,0.00407331975560081,0,0.00203665987780041,0.00203665987780041,0,0,0,0.00203665987780041,0,0,0,0,0,0,0,0,0,0,0,0.00407331975560081,0.808553971486762,0.606924643584521,0,0,0.431771894093686,0.044806517311609,0,0,0,0,0,0,0,0,0,0,0,0,0.780040733197556,0,0,0,0,0,0,0,0,0,0,0,0.0162932790224033,0,0,0,0,0,0,0,0,0,0,0,0,0,0.692464358452138,0.613034623217923,0,0,0.670061099796334,0,0,0,0,0,0,0,0,0,0.629327902240326,0,0,0,0.446028513238289,0,0,0,0,0,0.653767820773931,0.610997963340122,0,0,0,0,0,0,0,0,0,0,0.576374745417515,0,0,0,0.568228105906314,0,0,0,0.568228105906314,0,0,0,0,0,0,0,0,0,0,0,0,0,0,0,0.010183299389002,0,0.407331975560081,0.733197556008147,0,0,0,0,0.393075356415479,0,0.74949083503055,0,0,0,0,0.00407331975560081,0,0,0,0,0,0,0,0,0,0,0.360488798370672,0,0,0,0,0.0203665987780041,0,0,0,0,0,0.606924643584521,0,0,0.00203665987780041,0,0,0,0,0.00407331975560081,0,0,0,0,0,0,0,0.529531568228106,0,0,0,0.00203665987780041,0.00203665987780041,0,0,0,0,0,0,0,0,0,0,0,0,0,0,0,0,0,0.0162932790224033,0,0,0,0,0,0,0,0,0,0,0,0,0,0,0,0,0.238289205702648,0.317718940936864,0,0,0,0,0,0,0,0,0,0,0,0,0.00203665987780041,0,0,0,0,0,0,0,0,0,0,0,0,0,0,0,0,0,0,0,0.572301425661914,0,0,0,0,0.00407331975560081,0,0,0,0,0,0,0.230142566191446,0.00203665987780041,0,0,0,0.00610997963340122,0,0,0,0,0,0,0.331975560081466,0,0,0.00814663951120163,0,0,0,0.0162932790224033,0,0,0,0,0,0,0,0,0,0,0,0,0,0,0,0,0,0,0,0,0,0,0,0,0,0,0.010183299389002,0,0,0,0.741344195519348,0,0,0,1.03258655804481,0,0,0,0,0.00610997963340122,0.0407331975560081,0,0,0,0.0122199592668024,0
"198",0.453125,0,0,0.00520833333333333,0,0,0,0,0,0,0,0.00520833333333333,0,0,0,0,0,0,0,0.0260416666666667,0,0,0,0,0,0,0,0,0,0,0.0208333333333333,0.0104166666666667,0,0,0,0,0,0,0,0,0,0,0,0,0,0,0,1.04166666666667,1,0,0,0,0,0,0,0.182291666666667,0,0,0,0,0,0,0,0,1.01041666666667,0,0,0,0,0,0,0,0,0,0,0,0,0,0,0,0.00520833333333333,0,0,0,0,0,0,0,0,0,0,0,0,0,0,0,0,0,0,0.015625,0,0,0,0,0,0,0,0,0,0,0,0,0,0,0.03125,0,0,0,0.510416666666667,0.00520833333333333,0,0,0,0,0,0,0,0,0,0.00520833333333333,0,0.0104166666666667,0.572916666666667,0,0,0,0,0,0,0,0.130208333333333,0,0,0.651041666666667,0,0,0,0,0,0,0,0,0,0,0.00520833333333333,0.776041666666667,0,0,0,0,0,0,0,0,0,0,0,0.015625,0,0.651041666666667,0,0.671875,0.364583333333333,0,0,0.0572916666666667,0,0,0,0,0,0,0,0,0,0,0.00520833333333333,0,0,0,0,0.145833333333333,0,0.00520833333333333,0,0,0,0,0,0,0,0,0,0,0,0,0,0,0,0,0,0,0,0,0,0,0,0,0,0,0,0,0,0.00520833333333333,0,0,0,0,0,0,0.479166666666667,0,0,0,0,0.00520833333333333,0,0,0,0,0,0,0,0,0.375,0,0,0,0,0,0,0,0,0,0,0,0,0,0,0,0,0,0,0,0,0,0,0,0,0,0,0,0,0,0,0,0,0,0,0,0,0,0,0.546875,0,0,0,0,0,0,0,0,0,0,0,0,0,0,0,0,0.567708333333333,0,0,0,0.677083333333333,0.015625,0.53125,0,0,0,0,0,0,0,0,0,0,0,0,0,0,0,0,0.671875,0,0,0,0,0,0,0,0,0,0,0,0,0.00520833333333333,0,0,0,0.00520833333333333,0,0,0,1.02083333333333,0,0,0,0,0.0104166666666667,0.00520833333333333,0,0,0,0,0
"202",0,0,0,0.0436507936507936,0,0,0,0,0,0,0,0,0.0873015873015873,0,0,0,0.222222222222222,0.00396825396825397,0,0,0,0.130952380952381,0,0.0753968253968254,0,0,0,0,0,0,0,0.428571428571429,0,0,0,0,0,0,0,0,0,0,0,0,0,0,0,1,0.96031746031746,0,0,0,0,0,0.00396825396825397,0,0,0,0,0,0.98015873015873,0,0,0,0,0,0,0,0,0,0,0,0,0,0,0,0,0,0,0,0,0,0,0,0,0,0,0,0,0,0,0,0,0,0,0,0,0,0,0,0.0714285714285714,0,0,0,0,0,0,0,0,0,0,0,0,0,0,0,0,0,0,0.0317460317460317,0,0,0,0,0.00396825396825397,0,0,0,0,0,0,0,0,0.0833333333333333,0,0.00396825396825397,0,0.00396825396825397,0,0,0,0,0,0,0,0,0,0,0,0,0,0,0,0.0833333333333333,0,0,0,0,0,0,0,0,0,0,0.00396825396825397,0,0,0.00793650793650794,0,0,0,0,0,0,0,0,0,0,0,0.00396825396825397,0,0,0,0,0,0.00793650793650794,0.170634920634921,0,0,0,0,0,0,0,0,0,0,0,0.0198412698412698,0,0,0,0,0,0,0,0,0,0,0,0,0,0,0,0,0,0,0,0,0,0,0,0,0,0,0,0,0,0,0,0.00793650793650794,0,0,0,0,0.349206349206349,0,0,0,0,0,0,0,0,0,0,0,0,0,0,0,0,0,0,0,0.00793650793650794,0,0,0,0,0,0,0,0,0,0,0,0,0,0,0,0,0,0,0,0,0,0.0396825396825397,0,0,0,0,0,0,0.00396825396825397,0.0833333333333333,0,0,0,0,0.00793650793650794,0,0,0,0,0,0,0,0,0,0,0,0,0,0,0.111111111111111,0.0396825396825397,0.00396825396825397,0,0.00793650793650794,0,0,0.0158730158730159,0,0,0,0,0,0,0,0,0,0,0,0,0,0,0,0,0,0,0,0.00396825396825397,0.00396825396825397,0,0,0,0,0,0,0,0,0,0,1.03174603174603,0,0,0,0,0.0277777777777778,0.130952380952381,0,0,0,0.00396825396825397,0
"207",0,0.89051094890511,0,0.0024330900243309,0,0,0,0,0,0,0,0,0,0,0,0,0,0,0,0,0,0,0,0,0,0,0,0,0.0024330900243309,0,0,0,0,0,0,0,0,0,0,0,0,0,0.771289537712895,0,0,0,0,0.997566909975669,0.995133819951338,0,0,0,0,0,0.0024330900243309,0,0,0.907542579075426,0.912408759124088,0,0,0,0,0,0.265206812652068,0.734793187347932,0,0,0,0,0,0,0,0,0.690997566909976,0,0.32360097323601,0,0,0,0,0,0,0,0,0,0,0,0,0,0,0,0,0.683698296836983,0.24330900243309,0,0,0,0,0,0,0,0,0.880778588807786,0,0,0.705596107055961,0,0.0875912408759124,0,0,0,0,0,0.0048661800486618,0,0,0,0,0,0,0,0,0,0,0,0,0.693430656934307,0,0,0,0,0,0,0,0,0,0,0,0,0,0,0,0.67639902676399,0,0.868613138686131,0.763990267639903,0,0,0,0,0,0,0,0.0024330900243309,0,0,0,0,0,0,0,0,0,0,0,0,0,0,0,0,0,0,0,0,0,0,0,0,0,0,0,0,0,0,0,0.737226277372263,0,0,0.934306569343066,0,0.815085158150852,0,0,0,0,0,0.708029197080292,0,0,0.491484184914842,0,0,0,0,0,0,0,0,0,0,0,0,0,0,0,0,0,0.493917274939173,0,0,0,0,0,0,0,0,0,0,0,0.708029197080292,0,0,0,0,0,0.873479318734793,0,0,0,0,0,0,0,0,0,0,0,0,0,0,0,0,0,0,0,0,0,0,0,0,0,0.688564476885645,0,0,0,0,0,0,0,0,0,0,0,0,0,0,0,0,0,0,0,0,0,0,0,0,0,0,0,0.0097323600973236,0.708029197080292,0,0.428223844282238,0,0,0,0,0,0,0,0,0,0.715328467153285,0,0,0,0,0,0,0,0,0,0,0,0.613138686131387,0,0,0,0,0,0.0024330900243309,0,0,0,0,0,0.885644768856448,0,0,0,0,0.0048661800486618,0,0,0,0,0,0,0.442822384428224,0,0,0,0,1.01703163017032,0,0,0,0,0.0048661800486618,0.0024330900243309,0.557177615571776,0,0,0.712895377128954,0
"223",0,0,0,0.176470588235294,0.0135746606334842,0,0,0,0,0,0,0.0316742081447964,0,0,0,0,0,0,0.00904977375565611,0.00904977375565611,0,0,0,0.0135746606334842,0,0.0995475113122172,0.0271493212669683,0,0,0,0.0678733031674208,0,0,0,0,0,0,0,0,0,0,0,0,0,0,0,0,1,1,0,0,0,0,0,0.0180995475113122,0,0,0,0,0.0135746606334842,0,0,0,1.01357466063348,0,0,0,0,0,0,0,0,0,0,0,0,0.00904977375565611,0.00904977375565611,0,0.0226244343891403,0,0,0,0.00904977375565611,0,0,0,0,0,0,0,0,0,0,0,0,0,0,0,0.0407239819004525,0,0,0,0.0135746606334842,0.0135746606334842,0,0,0,0,0,0,0,0,0.00904977375565611,0,0,0,0,0,0.0271493212669683,0,0,0,0.0135746606334842,0,0,0,0,0,0,0,0,0,0.0678733031674208,0,0,0,0,0,0,0,0,0,0,0,0,0,0,0,0,0,0,0,0,0.0361990950226244,0,0,0,0.0226244343891403,0,0,0,0,0,0,0,0.0135746606334842,0.0135746606334842,0,0,0,0,0,0,0,0,0,0,0,0,0,0,0,0,0,0.0180995475113122,0.0135746606334842,0,0,0,0.0226244343891403,0,0,0,0,0,0,0,0.0226244343891403,0,0,0.0180995475113122,0,0,0,0.0135746606334842,0,0,0,0,0,0,0,0,0,0,0,0.0135746606334842,0.0497737556561086,0,0,0.0135746606334842,0,0,0.00904977375565611,0.0271493212669683,0,0,0,0.00904977375565611,0.0180995475113122,0.0633484162895928,0,0.0769230769230769,0,0.0361990950226244,0,0,0.0226244343891403,0,0,0,0,0,0,0,0,0,0,0,0,0,0,0,0.0226244343891403,0,0,0,0,0,0,0,0,0.0135746606334842,0,0,0,0,0,0,0,0,0,0,0,0,0,0,0,0,0.0226244343891403,0,0,0,0,0,0,0,0,0.0135746606334842,0,0,0.081447963800905,0,0,0.0180995475113122,0,0,0,0,0,0,0,0,0.0271493212669683,0.0226244343891403,0,0,0,0,0,0.0542986425339367,0,0,0.0180995475113122,0,0.0361990950226244,0,0,0,0,0,0,0,0,0,0.00904977375565611,0,0,0,0.0180995475113122,0,0,0,0,0,0,0,0,0,0.00904977375565611,0,0,0,1.07692307692308,0,0,0,0,0.0678733031674208,0.126696832579186,0,0,0,0,0
"228",0,0,0.164319248826291,0.220657276995305,0.0187793427230047,0,0,0,0,0,0,0.0234741784037559,0,0,0,0.323943661971831,0,0.0140845070422535,0.0469483568075117,0,0,0,0,0,0.028169014084507,0.0469483568075117,0,0,0,0.0563380281690141,0.00469483568075117,0,0,0,0.0140845070422535,0,0,0,0,0,0,0,0,0,0,0,0,0.981220657276995,0.967136150234742,0,0,0,0,0,0,0,0,0.0187793427230047,0.0187793427230047,0,0,0,0,0,1,0,0,0,0,0,0,0,0,0,0,0,0,0,0,0,0,0,0,0,0,0,0,0,0,0,0,0,0,0,0,0,0,0,0,0.0140845070422535,0,0,0,0,0,0,0,0,0.0140845070422535,0,0,0,0,0.0187793427230047,0,0,0,0,0,0,0,0,0,0,0,0,0,0.00938967136150235,0,0,0,0,0,0.352112676056338,0,0,0,0,0,0,0,0,0,0,0.0234741784037559,0,0,0,0,0,0,0,0,0.0422535211267606,0.15962441314554,0,0,0,0,0,0.122065727699531,0,0,0.323943661971831,0.00938967136150235,0,0,0,0,0,0,0,0,0.0469483568075117,0,0,0,0.00938967136150235,0,0,0,0,0,0,0,0.00938967136150235,0,0,0,0.028169014084507,0,0.15962441314554,0,0.0610328638497653,0,0,0,0,0,0,0,0,0,0,0,0,0,0,0,0.267605633802817,0,0,0,0.0140845070422535,0,0,0.028169014084507,0.0469483568075117,0,0,0,0.00469483568075117,0,0,0,0,0,0.0845070422535211,0,0,0.07981220657277,0,0.314553990610329,0.00469483568075117,0,0.0187793427230047,0,0.309859154929577,0,0.00938967136150235,0,0,0,0,0,0,0,0,0.314553990610329,0,0,0,0,0,0,0,0,0,0,0,0,0,0,0,0,0,0,0,0,0,0,0,0,0,0,0,0,0,0,0,0,0.0234741784037559,0,0.0187793427230047,0.00469483568075117,0,0,0,0.300469483568075,0,0.0187793427230047,0,0.0469483568075117,0,0,0,0,0,0,0,0,0,0,0,0,0,0,0,0,0,0,0,0.31924882629108,0,0,0,0,0,0,0,0,0.0187793427230047,0.0563380281690141,0,0,0,0,0,0,0,0.0375586854460094,0,0,0,0,0,0,0,0,0,0,0,0,0,1.03286384976526,0,0,0,0,0.0140845070422535,0.169014084507042,0,0,0,0.0140845070422535,0
"229",0,0,0.43213296398892,0.313019390581717,0,0,0,0,0,0,0,0.038781163434903,0,0,0,0,0,0,0,0,0.0637119113573407,0,0,0.00831024930747922,0,0.188365650969529,0,0,0,0,0,0,0,0,0.0110803324099723,0,0,0,0,0,0.991689750692521,0,0,0.119113573407202,0,0,0,1.00831024930748,0,0,0,0,0,0,0,0.0637119113573407,0.0443213296398892,0,0,0,0,0,0,0,0,0,0,0,0.997229916897507,0,0,0,0,0.00554016620498615,0,0.0138504155124654,0,0,0,0,0,0,0,0,0,0,0,0,0,0,0,0,0,0,0,0,0,0,0.00554016620498615,0.00831024930747922,0,0,0,0,0,0,0,0,0.00554016620498615,0,0,0,0,0,0,0,0,0,0,0.124653739612188,0,0,0,0,0.0470914127423823,0,0,0,0,0,0,0,0,0.0526315789473684,0,0,0,0,0,0,0,0.00277008310249307,0,0,0,0,0,0.00277008310249307,0,0,0,0.00554016620498615,0,0,0,0.0138504155124654,0,0,0,0,0,0,0,0,0,0.00554016620498615,0,0.0110803324099723,0,0,0,0,0,0,0,0,0,0,0,0,0,0,0,0,0,0.0415512465373961,0.0166204986149584,0,0,0,0,0.00277008310249307,0.00277008310249307,0,0,0.313019390581717,0,0,0.421052631578947,0,0,0,0,0,0,0,0,0,0,0,0,0,0,0,0,0.0443213296398892,0,0.00554016620498615,0,0,0,0.0166204986149584,0,0,0.0110803324099723,0,0,0,0,0,0.00831024930747922,0,0,0,0,0.368421052631579,0,0,0,0,0,0.00277008310249307,0.152354570637119,0,0,0,0,0,0,0,0.00554016620498615,0,0,0,0,0,0,0.0470914127423823,0,0,0,0,0,0,0.00554016620498615,0.476454293628809,0.0193905817174515,0,0,0,0.0664819944598338,0,0.0110803324099723,0,0,0,0,0.0138504155124654,0.00277008310249307,0,0.0193905817174515,0,0,0,0,0,0,0,0,0,0.00554016620498615,0,0,0,0,0,0,0,0,0,0,0,0,0,0,0.00831024930747922,0,0,0,0,0,0,0,0.0193905817174515,0,0,0,0,0,0,0,0.03601108033241,0,0,0,0,0,0,0,0,0.0332409972299169,0.886426592797784,0.0277008310249307,0,0,0,0.0249307479224377,0.0969529085872576,0,0.0110803324099723,0,0,0,0,0.102493074792244,0,0,0,0,0.00554016620498615,0.0775623268698061,0,0,0.00831024930747922,0,0
"230",0,0,0,0,0,0,0,0,0,0,0,0.0430622009569378,0,0,0,0,0,0,0,0,0,0,0.0143540669856459,0,0,0,0,0,0,0,0,0,0,0,0,0,0,0,0,0,0,0.373205741626794,0,0,0,0,0,1.00478468899522,0.956937799043062,0,0,0,0,0,0,0,0,0,0,0.0239234449760766,0,0,0,0,0,0,0,0.574162679425837,0,0,0,0,0,0,0,0,0,0,0,0,0,0,0,0,0,0.0239234449760766,0,0,0,0,0,0,0,0,0,0,0,0,0.00478468899521531,0,0,0,0,0,0,0.0191387559808612,0,0,0,0,0,0,0,0,0.358851674641148,0,0,0,0,0.0143540669856459,0,0,0,0,0,0,0,0,0,0,0,0.0430622009569378,0,0,0,0,0,0,0,0,0,0,0,0,0.0669856459330144,0,0,0,0,0,0,0,0,0.100478468899522,0,0,0,0,0,0,0,0.00956937799043062,0,0,0,0,0,0,0,0,0,0,0,0,0,0.00478468899521531,0,0,0,0.00956937799043062,0,0,0,0,0,0,0,0,0,0,0,0,0,0.00956937799043062,0.244019138755981,0,0,0,0.258373205741627,0,0,0,0,0,0.129186602870813,0,0,0,0,0.00956937799043062,0,0,0,0,0,0,0.00478468899521531,0,0,0,0,0,0,0,0,0,0,0.0191387559808612,0,0,0,0,0,0,0,0.00478468899521531,0,0,0,0,0,0,0,0,0,0,0,0,0,0,0,0,0,0,0,0,0,0,0,0,0,0,0,0,0,0,0,0,0,0,0,0,0,0,0,0,0,0.444976076555024,0,0,0,0,0,0,0,0,0,0,0,0,0,0,0,0,0,0,0,0,0,0,0,0,0,0,0,0.133971291866029,0,0,0,0,0,0,0,0,0,0,0,0,0,0,0,0.00478468899521531,0,0,0,0,0,0,0,0.0239234449760766,0,0,0.0334928229665072,0.0287081339712919,0,0,0,0,0,0,0,0,0,0,0.607655502392344,0,0,0,0,0,0,0,0,0,0,0
"234",0,0,0,0,0,0,0,0,0,0,0,0,0,0,0,0,0,0,0,0,0.0146341463414634,0,0,0.00975609756097561,0,0,0,0,0,0.0146341463414634,0,0,0,0,0,0,0,0,0,0,1,0,0,0,0,0,0,1,0,0,0,0,0,0,0,0,0,0,0,0,0,0,0,0,0,0,0,0,0,0,0,0,0,0,0,0,0,0.0048780487804878,0,0,0,0,0,0,0,0,0,0,0,0,0,0,0,0,0,0,0,0,0,0,0,0,0,0,0,0,0,0,0,0,0,0,0,0,0,0,0,0,0,0,0,0.0048780487804878,0,0,0,0,0,0,0,0,0,0,0,0,0,0,0,0,0,0,0,0,0,0,0,0,0,0,0,0,0,0,0,0,0,0,0,0,0,0,0.0048780487804878,0,0,0,0,0,0,0,0,0,0,0,0,0,0,0,0,0,0,0,0,0,0,0.75609756097561,0,0,0.121951219512195,0,0,0,0,0.321951219512195,0,0.31219512195122,0,0,0,0,0,0,0,0,0,0,0,0,0,0,0,0,0,0,0,0,0,0,0,0,0,0,0,0,0,0,0,0,0,0,0,0,0.107317073170732,0,0,0,0.136585365853659,0,0,0,0,0,0,0,0,0,0,0,0,0.351219512195122,0,0,0,0,0,0,0,0,0,0,0,0,0,0.302439024390244,0.0048780487804878,0,0,0,0,0,0,0,0,0.404878048780488,0,0,0,0,0,0.307317073170732,0,0,0,0,0,0,0,0.453658536585366,0,0,0,0,0,0,0,0,0,0,0,0,0,0,0,0,0,0,0,0,0,0,0,0,0,0,0,0,0,0,0.326829268292683,0,0,0,0,0,0,0,0,0,0,0,0,0,0,1.03414634146341,0.0195121951219512,0,0,0,0.0048780487804878,0,0,0,0,0,0,0,0,0,0,0,0,0,0.0390243902439024,0,0,0,0,0
"264",0,0,0,0.558558558558559,0.00900900900900901,0.0225225225225225,0,0,0,0,0,0.617117117117117,0,0.518018018018018,0.567567567567568,0,0,0,0,0,0,0.0315315315315315,0,0.0225225225225225,0,0.0045045045045045,0.00900900900900901,0,0,0,0,0,0,0,0.0540540540540541,0,0,0,0,0,0.265765765765766,0,0,0.018018018018018,0,0.0135135135135135,0,1.00900900900901,0.716216216216216,0.0225225225225225,0,0,0,0,0,0,0,0,0,0,0,0,0.684684684684685,0,0,0,0,0,0.238738738738739,0,0.103603603603604,0,0,0.0135135135135135,0.0045045045045045,0.00900900900900901,0.0225225225225225,0,0,0,0.54954954954955,0.545045045045045,0.400900900900901,0,0,0,0,0,0,0,0,0,0,0.0045045045045045,0,0,0,0,0.594594594594595,0.0225225225225225,0,0.621621621621622,0,0.0045045045045045,0,0,0,0,0,0,0,0,0,0,0,0,0,0,0,0,0.00900900900900901,0,0,0,0,0,0,0,0,0,0,0,0,0,0.495495495495495,0,0,0.0135135135135135,0,0,0,0,0,0,0,0,0,0,0,0,0,0.0225225225225225,0,0,0.0135135135135135,0,0,0,0,0,0,0,0.0675675675675676,0,0,0,0,0,0.027027027027027,0,0.0045045045045045,0,0,0.608108108108108,0,0,0.576576576576577,0,0,0.644144144144144,0,0,0,0,0,0,0,0,0,0,0.531531531531532,0,0.0135135135135135,0,0.522522522522523,0,0,0,0,0,0,0,0.54954954954955,0,0,0,0,0.0225225225225225,0,0,0,0,0,0,0,0,0,0.018018018018018,0,0,0.0675675675675676,0.612612612612613,0,0,0,0,0,0.0720720720720721,0,0,0,0,0,0,0,0.653153153153153,0,0,0,0,0,0.554054054054054,0.54954954954955,0,0,0,0,0,0,0,0,0,0,0,0,0,0,0,0.495495495495495,0,0.594594594594595,0.018018018018018,0,0.540540540540541,0.0225225225225225,0,0.567567567567568,0,0,0,0.0405405405405405,0,0.0045045045045045,0,0,0,0,0.490990990990991,0,0,0,0,0.581081081081081,0,0,0.166666666666667,0,0.0135135135135135,0,0,0.0225225225225225,0,0,0,0,0.0225225225225225,0,0,0.00900900900900901,0,0,0,0,0,0,0,0,0.0225225225225225,0.346846846846847,0,0,0,0,0.675675675675676,0,0,0,0,0,0,0,0.0315315315315315,0.54954954954955,0.018018018018018,0.0135135135135135,0.567567567567568,0,0,0.0045045045045045,0,0,0.265765765765766,0.265765765765766,0.518018018018018,0,0.027027027027027,0,0,0.518018018018018,0,0.0225225225225225,0,0,0,0.0225225225225225,0.018018018018018,0,0,0,0.153153153153153,0.0315315315315315,0,0,0,0.045045045045045,0
"267",0,0,0,1.72265023112481,0.0061633281972265,0,0.711864406779661,0,0,0,0,0,0,0,0,0,0,0,0.836671802773498,0,0,0,0,0,0,0,0,0,0,0.00462249614791988,0,0,0,0,0,0,0,0,0,0,0.944530046224962,0.00462249614791988,0.0061633281972265,0,0,0,0,0.322033898305085,0.0215716486902928,0,0.00308166409861325,0,0.747303543913713,0,0.873651771956857,0,0,0,0,0,0,0,0,0,0.00308166409861325,0,0,0,0,0,0,0,0,0,0,0.00154083204930663,0,0,0,0,0,0,0,0.838212634822804,0,0,0,0.687211093990755,0,0,0,0,0,0,0.00154083204930663,0,0,0,0,0,0.00308166409861325,0,0,0,0.624036979969183,0.0061633281972265,0,0,0.00462249614791988,0,0,0,0,0,0,0,0,0,0,0.0169491525423729,0,0,0,0,0,0,0,0,0,0,0.0061633281972265,0,0,0,0,0,0.768875192604006,0,0,0,0,0,0.855161787365177,0,0,0,0,0,0,0,0.00154083204930663,0.00154083204930663,0,0,0.00462249614791988,0,0,0.848998459167951,0.0832049306625578,0,0,0,0,0,0,0,0,0.00308166409861325,0,0,0,0,0,0,0,0,0,0,0,0,0,0,0,0,0,0,0.00308166409861325,0,0,0,0,0,0.00924499229583975,0,0.0061633281972265,0,0,0,0,0,0,0,0,0.00154083204930663,0,0,0,0,0,0.0184899845916795,0,0,0,0.0061633281972265,0,0,0,0,0,0,0,0,0,0,0,0,0.778120184899846,0,0,0,0,0,0.00308166409861325,0,0,0,0,0,0.882896764252696,0,0,0,0,0,0,0,0,0.875192604006163,0.00770416024653313,0,0,0,0,0,0,0,0,0,0,0,0,0,0,0,0.00308166409861325,0,0,0,0.882896764252696,0.873651771956857,0,0,0,0.314329738058552,0.884437596302003,0.879815100154083,0.884437596302003,0.00154083204930663,0,0,0,0,0,0,0,0,0.593220338983051,0,0,0,0.00462249614791988,0,0.0061633281972265,0,0,0,0,0,0,0,0,0,0,0,0,0.00154083204930663,0,0.00770416024653313,0,0,0,0,0,0,0,0,0,0,0,0,0,0.0277349768875193,0,0,0,0.00154083204930663,0,0,0,0,0,0.973805855161787,0,0.0107858243451464,0.687211093990755,0.956856702619414,0,0,0.0061633281972265,0.00462249614791988,0,0.845916795069337,0,0,0.0416024653312789,0.00770416024653313,0.00154083204930663,0,0,0.0323574730354391,0.0585516178736518,0,0,0,0,0
"274",0,0,0,0.372222222222222,0.0222222222222222,0.0444444444444444,0,0,0,0,0,0.161111111111111,0,0,0,0,0,0.0722222222222222,0.216666666666667,0,0,0,0,0.0166666666666667,0.0166666666666667,0.455555555555556,0.0666666666666667,0,0,0,0,0,0,0.0666666666666667,0.0166666666666667,0.0111111111111111,0,0,0,0,0,0,0,0.0111111111111111,0,0,0,1.02222222222222,0.05,0,0,0,0,0,0,0,0,0,0,0,0,0,0,0,0.0222222222222222,0,0,0,0,0.811111111111111,0,0,0,0,0,0,0.0111111111111111,0,0,0,0,0,0,0.111111111111111,0,0,0,0,0,0,0,0,0,0.122222222222222,0,0,0,0,0,0.05,0,0,0,0.0222222222222222,0,0,0,0,0,0,0,0,0,0.0166666666666667,0.0166666666666667,0,0,0,0,0.0166666666666667,0.288888888888889,0,0.1,0.0944444444444444,0,0,0,0,0,0,0,0,0.0111111111111111,0,0,0,0,0,0,0,0,0.0888888888888889,0,0,0.0111111111111111,0.0166666666666667,0,0,0,0,0,0.0722222222222222,0,0,0,0,0,0,0.0888888888888889,0,0,0,0,0,0,0,0,0.0777777777777778,0,0,0,0,0,0,0,0,0,0,0,0,0.0444444444444444,0,0,0,0,0,0.0722222222222222,0,0,0,0,0.0277777777777778,0,0.0333333333333333,0.0722222222222222,0,0,0,0.166666666666667,0,0,0.0666666666666667,0,0,0.0166666666666667,0,0,0.116666666666667,0,0,0.0111111111111111,0,0,0.0222222222222222,0,0,0,0,0,0,0.311111111111111,0,0,0,0.0277777777777778,0,0,0,0,0,0.0111111111111111,0,0,0.0166666666666667,0,0.127777777777778,0,0,0,0,0.377777777777778,0,0,0,0,0,0.0166666666666667,0,0,0,0,0,0,0,0,0,0,0,0,0,0,0,0,0,0.0777777777777778,0,0,0,0,0,0,0,0,0,0,0,0,0.194444444444444,0,0,0.166666666666667,0,0,0,0,0,0,0.0166666666666667,0,0,0.0111111111111111,0,0,0,0,0.0111111111111111,0,0,0,0,0,0,0,0,0,0,0.1,0.0166666666666667,0,0,0,0,0.0166666666666667,0,0,0,0.0666666666666667,0,0,0.0777777777777778,0.0888888888888889,0,0,0,0,0,0,0,0.0333333333333333,0,0.0166666666666667,0,0,0,0,0,0.1,0,0.0722222222222222,0,0,0,0,0,1.17777777777778,0.9,0,0,0,0.183333333333333,0.0388888888888889,0,0,0.0222222222222222,0,0
"277",0,0,0,3.05555555555556,0.328282828282828,0.328282828282828,0,0,0,0.343434343434343,0,0.353535353535354,0,0,0,0,0.47979797979798,0,0,0,0,0,0,0,0,0,0,0,0,0,0,0,0,0,0,0.853535353535353,0,0.737373737373737,0,0,0,0,0,0,0,0,0,1.01010101010101,0,0,0,0,0,0,0,0,0,0,0,0,0,1,0,0,0,0,0,0,0,0,0,0.898989898989899,0.893939393939394,0,0,0,0,0,0,0.383838383838384,0,0,0,0,0,0,0,0,0,0,0,0,0,0,0,0,0.343434343434343,0.378787878787879,0,0,0.328282828282828,0,0,0.202020202020202,0,0,0,0.343434343434343,0.353535353535354,0,0.0151515151515152,0,0,0,0,0,0,0,0,0.0202020202020202,0,0,0,0,0,0,0,0,0,0,0.363636363636364,0,0,0,0,0,0,0,0,0,0,0,0,0,0.843434343434343,0,0,0,0.878787878787879,0,0,0,0,0,0,0,0,0,0.358585858585859,0,0,0,0,0,0,0,0,0,0,0,0.46969696969697,0,0,0,0,0,0,0,0,0,0,0,0,0,0,0,0.343434343434343,0,0,0,0,0,0,0,0,0,0,0,0,0,0,0,0,0.747474747474748,0,0.393939393939394,0,0,0,0,0,0,0,0,0,0,0,0,0,0,0,0,0,0.696969696969697,0.0151515151515152,0,0,0,0,0,0,0,0,0.368686868686869,0,0,0,0,0,0.388888888888889,0,0,0,0,0,0,0,0,0,0,0.904040404040404,0,0,0,0,0,0,0,0,0,0,0,0,0,0,0,0,0,0,0,0,0.00505050505050505,0,0,0,0,0,0,0,0,0,0,0,0,0.45959595959596,0,0,0,0.00505050505050505,0,0,0,0,0,0,0,0,0,0,0,0,0,0,0,0,0,0,0,0,0,0,0,0,0,0,0,0,0.651515151515151,0.782828282828283,0.328282828282828,0,0,0,0,0,0,0,0,0,0,0.333333333333333,0,0,0,0,0,0,0,0,0.00505050505050505,0,0,0,0,1.1010101010101,1,0,0,0,0,0.232323232323232,0,0,0,0,0
"283",0,0,0,0.0183150183150183,0,0,0,0,0,0,0.42002442002442,0.00122100122100122,0,0,0,0,0,0,0,0,0,0,0,0.0158730158730159,0.938949938949939,0.00244200244200244,0,0.934065934065934,0,0,0,0,0,0,0.134310134310134,0,0,0,0,0,1.003663003663,0.0866910866910867,0,0,0,0,0,1.003663003663,0,0,0,0,0,0,0,0,0,0,0,0.968253968253968,0,0,0,0,0,0,0,0,0,0,0,0,0,0,0,0,0,0,0.981684981684982,0,0,0,0,0,0.438339438339438,0,0,0,0,0,0,0,0.0280830280830281,0,0,0,0,0,0,0.0256410256410256,0,0,0,0,0,0,0,0,0,0,0.456654456654457,0,0.88034188034188,0,0,0,0,0.00366300366300366,0,0,0,0.0622710622710623,0,0,0,0,0,0.0146520146520147,0,0,0,0,0,0,0.0268620268620269,0,0,0,0,0,0,0,0,0,0,0,0,0.443223443223443,0,0,0,0,0,0,0,0,0,0,0,0,0,0,0,0,0,0,0.261294261294261,0,0,0,0,0,0,0,0,0,0.0732600732600733,0,0,0,0,0,0,0,0,0,0.00122100122100122,0,0,0,0,0.199023199023199,0,0.00122100122100122,0,0,0,0,0.135531135531136,0,0,0,0,0,0.00610500610500611,0,0,0.139194139194139,0,0,0,0.901098901098901,0,0,0,0.00732600732600733,0,0,0,0,0,0,0,0,0,0,0.0317460317460317,0,0,0,0.117216117216117,0,0.261294261294261,0,0,0,0,0,0,0.00488400488400488,0,0,0,0,0,0,0.958485958485959,0.0170940170940171,0,0,0,0,0,0,0.461538461538462,0,0,0,0,0,0,0,0,0.00122100122100122,0,0,0,0,0,0.00122100122100122,0,0,0,0.00122100122100122,0.00122100122100122,0.00122100122100122,0,0,0,0.98046398046398,0,0,0.00244200244200244,0.0964590964590965,0.131868131868132,0.00122100122100122,0.00122100122100122,0,0,0,0,0,0.00122100122100122,0,0,0.00122100122100122,0,0,0,0,0,0,0,0,0.00366300366300366,0,0,0,0,0,0,0,0,0,0,0,0,0,0,0,0,0.00122100122100122,0,0,0,0,0,0,0,0,0,1.07692307692308,0,0,0.00122100122100122,0,0,0,0,0,0,0.00122100122100122,0,0,0,0,0,0,0,0,0.00244200244200244,0,0,0.00366300366300366,0,0
"296",0,0,0,1.62938596491228,0,0.00219298245614035,0,0,0,0,0,0,0,0,0,0,0,0,0.00219298245614035,0,0.866228070175439,0,0,0.00219298245614035,0,0.0087719298245614,0,0,0,0,0,0,0,0,0.798245614035088,0,0,0,0,0,0.995614035087719,0.00219298245614035,0,0,0.837719298245614,0,0,1,0.0043859649122807,0.789473684210526,0,0,0,0,0,0,0.815789473684211,0,0,0,0,0,0,0,0,0,0,0,0,0,0,0.00219298245614035,0.00219298245614035,0,0,0,0,0,0,0,0,0,0,0,0,0,0,0,0.826754385964912,0,0,0,0,0,0.903508771929825,0,0.0175438596491228,0,0,0.0043859649122807,0,0,0.894736842105263,0,0,0,0,0,0,0,0,0,0,0,0,0,0,0,0,0,0,0,0,0,0,0.510964912280702,0,0,0,0,0,0,0,0,0,0,0,0,0,0,0,0,0,0,0,0.0043859649122807,0,0.00219298245614035,0,0.881578947368421,0,0,0,0,0,0,0,0,0.00219298245614035,0,0,0,0,0,0,0,0,0,0,0,0,0,0,0,0,0.901315789473684,0,0,0,0,0,0,0,0,0,0,0.00219298245614035,0,0,0,0,0.460526315789474,0,0.912280701754386,0,0,0,0,0.00219298245614035,0,0,0,0,0,0,0,0,0.868421052631579,0.868421052631579,0,0,0,0,0,0,0,0,0.861842105263158,0,0,0,0,0,0,0,0,0,0,0.796052631578947,0,1.23464912280702,0,0,0,0.826754385964912,0.914473684210526,0,0,0,0,0,0,0,0,0,0,0,0,0.927631578947368,0,0.00219298245614035,0,0.769736842105263,0.81140350877193,0,0,0,0,0,0,0,0,0,0,0,0,0,0,0,0,0,0,0,0,0,0,0,0,0,0,0,0,0,0,0,0,0,0,0,0,0,0,0,0,0,0,0,0,0,0,0.789473684210526,0,0,0,0,0,0,0,0,0,0.787280701754386,0.837719298245614,0,0,0,0,0,0,0,0,0,0,0.833333333333333,0,0,0,0,0,0.800438596491228,0.0153508771929825,0,1.00219298245614,0.0219298245614035,0.00219298245614035,0,1.00877192982456,0,0.375,0,0,0,0,0,0,0.0285087719298246,0,0,0,0,0.0394736842105263,0,0,0,0,0,0
"300",0,0.107296137339056,0,0.0815450643776824,0.00858369098712446,0,0,0.51931330472103,0,0,0,0.0386266094420601,0,0,0,0,0,0,0,0,0,0,0.660944206008584,0.00858369098712446,0,0,0,0,0.48068669527897,0,0,0,0,0,0,0,0.0386266094420601,0,0,0,0.00429184549356223,0,0,0,0,0,0,1,0.995708154506438,0,0,0,0,0,0,0,0.145922746781116,0,0,0,0,0,1.00429184549356,0,0,0,0,0,0,0,0.309012875536481,0,0,0,0.00429184549356223,0,0,0,0,0,0,0,0,0.00429184549356223,0,0.708154506437768,0.648068669527897,0,0,0.373390557939914,0,0,0,0,0,0,0,0,0,0,0,0,0,0,0,0,0,0,0,0,0,0.536480686695279,0,0.0128755364806867,0,0,0.00429184549356223,0,0,0,0,0,0,0,0.180257510729614,0,0,0,0,0,0.0214592274678112,0,0,0,0,0,0,0,0,0,0,0,0,0,0,0,0,0,0,0,0,0,0,0.0472103004291846,0,0,0,0,0.0729613733905579,0,0,0,0,0,0.553648068669528,0,0,0,0,0,0,0,0,0,0.575107296137339,0,0.00429184549356223,0,0,0,0,0,0,0,0,0.1931330472103,0,0,0,0,0,0,0,0,0,0,0,0,0,0,0,0.467811158798283,0,0,0,0,0,0,0,0,0,0,0,0,0.476394849785408,0.184549356223176,0,0,0,0,0,0,0,0,0.00429184549356223,0,0,0,0,0,0,0.00429184549356223,0,0,0,0,0,0,0,0,0,0,0,0,0,0,0,0.00429184549356223,0,0.579399141630901,0,0,0,0,0.0214592274678112,0,0.36480686695279,0,0,0,0,0,0,0,0.618025751072961,0,0,0,0,0,0,0,0,0,0,0,0,0,0,0,0,0,0,0,0,0,0,0,0,0,0.00429184549356223,0,0,0,0.454935622317597,0,0,0,0,0.630901287553648,0,0,0,0,0,0,0.00429184549356223,0,0,0.63519313304721,0,0,0,0,0.00429184549356223,0,0.236051502145923,0,0,0,0,0,0,0,0,0,0,0,0,0.545064377682403,0,0.00429184549356223,0.103004291845494,0.939914163090129,0.0128755364806867,0.00429184549356223,0,0,0,0,0,0,0,0,0,0,0,0,0,0,0.231759656652361,0,0,0,0,0.334763948497854
"311",0,0,0,0.00159489633173844,0,0,0,0,0,0,0,0.10207336523126,0.00637958532695375,0,0.998405103668262,0,0,0.859649122807018,0,0,0.00159489633173844,0,0.0271132376395534,0,0,0.00318979266347687,0,0,0,0,0,0,0.108452950558214,0.768740031897927,0,0,0.966507177033493,0,0,0,1.00159489633174,0,0,0,0,0,0,0.929824561403509,0,0,0.802232854864434,0,0,0,0,0,0,0,0,0,0,0,0,0,0.00159489633173844,0,0,0,0.00637958532695375,0,0,0,0,0.987240829346092,0,0,0,0,0,0,0.988835725677831,0,0,0,0,0,0,0,0,0,0,0,0,0,0,0,0,0,0,0.293460925039872,0,0,0,0,0,0,0,0,0,0,0,0.00159489633173844,0,0,0,0,0,0,0,0,0,0,0.845295055821372,0.84688995215311,0,0,0,0,0,0,0,0,0,0,0,0,0,0,0,0,0,0,0,0,0,0,0,0,0,0,0,0.424242424242424,0,0.298245614035088,0,0,0,0,0,0,0,0,0.842105263157895,0,0,0,0.00318979266347687,0.0733652312599681,0.953748006379585,0,0,0,0,0,0,0,0,0,0,0,0.940988835725678,0,0,0,0.829346092503987,0,0,0,0.0637958532695375,0,0,0,0.984051036682616,0.00159489633173844,0,0,0.583732057416268,0,0,0,0,0,0,0,0,0,0,0,0,0,0,0,0,0,0,0,0,0.988835725677831,0,0,0.00159489633173844,0,0,0,0.661881977671451,0,0,0,0,0,0,0,0,0,0,0.781499202551834,0,0.00318979266347687,0,0,0,0,0,0.00159489633173844,0.00318979266347687,0,0,0,0,0,0,0,0,0,0.00318979266347687,0.845295055821372,0,0,0,0.792663476874003,0,0,0,0.888357256778309,0.00159489633173844,0,0,0.317384370015949,0,0,0,0,0,0,0,0,0,0,0,0,0,0.475279106858054,0,0,0,0,0,0.851674641148325,0,0.0845295055821372,0,0,0,0,0,0,0,0,0.00159489633173844,0.00478468899521531,0,0,0,0,0,0.778309409888357,0.00159489633173844,0,0,0,0,0,0.00318979266347687,0.472089314194577,0,0,0,0,0,0,0.784688995215311,0,0,0,0.988835725677831,0,0,0,0,0,0,1.01594896331738,0.00159489633173844,0,0.0925039872408294,0.996810207336523,0.00797448165869218,0,0,0,0.00159489633173844,0,0,0,0,0,0,0.805422647527911,0.00159489633173844,0.00159489633173844,0.0813397129186603,0,0,0,0,0
"315",0,0.277595628415301,0,0.719125683060109,0.716939890710383,0,0,0,0.310382513661202,0,0,0.856830601092896,0.966120218579235,0,0.971584699453552,0,0,0,0,0,0,0,0,0.0721311475409836,0,0,0,0,0,0,0,0,0,0,0,0,0,0,0,0,0.998907103825137,0,0,0,0,0,0.94207650273224,0.00327868852459016,0.00109289617486339,0,0,0,0,0.848087431693989,0,0,0,0,0,0,0,0,0.00109289617486339,0,0,0,0,0,0,0,0,0,0,0.947540983606557,0,0,0,0,0.715846994535519,0,0.974863387978142,0,0,0,0,0,0,0,0,0,0,0,0,0,0,0,0,0,0,0.842622950819672,0,0,0,0,0,0,0,0,0,0,0.0109289617486339,0.00109289617486339,0,0,0,0,0,0,0,0.178142076502732,0,0,0,0,0,0,0,0,0,0.612021857923497,0.00765027322404372,0,0,0,0.00109289617486339,0,0,0.944262295081967,0,0,0.692896174863388,0,0,0,0,0,0,0,0,0,0,0,0,0,0,0,0.00218579234972678,0,0,0,0,0,0,0,0,0.646994535519126,0,0.00109289617486339,0.00655737704918033,0,0,0,0,0,0,0,0,0,0,0,0.897267759562842,0.00109289617486339,0,0,0,0,0,0,0.852459016393443,0,0.00109289617486339,0,0.00437158469945355,0.00109289617486339,0.00109289617486339,0,0.903825136612022,0,0,0,0,0,0,0,0,0,0.00218579234972678,0,0,0,0,0,0,0,0,0,0.675409836065574,0.957377049180328,0,0.0295081967213115,0,0,0,0,0.00109289617486339,0,0,0,0,0,0,0,0,0,0,0,0,0,0,0,0,0,0,0,0,0,0,0,0,0,0,0,0,0,0,0,0.956284153005464,0,0,0,0.00109289617486339,0,0,0.970491803278689,0,0,0,0,0,0,0,0,0.00109289617486339,0,0,0,0,0,0,0,0,0,0,0,0,0.8,0,0.863387978142076,0,0.86775956284153,0,0,0,0,0,0,0,0,0.302732240437158,0,0,0,0,0,0,0,0,0.00109289617486339,0,0,0,0,0,0,0,0,0,0,0,0,0,0,0,0,0.950819672131147,0,0,0,0,0,0,0.995628415300546,0.00983606557377049,0,1.00327868852459,1,0,0,0.00218579234972678,0,0,0,0.00109289617486339,0,0.00218579234972678,0,0,0,0.731147540983607,0.00109289617486339,0.107103825136612,0,0.937704918032787,0.715846994535519,0,0
